url,titulo,precio,m2_lote,m2_construccion,banos,medio_banos,estacionamientos,recamaras,antiguedad,direccion
https://www.vivanuncios.com.mx/a-venta-casa/bosques-de-santa-anita/casa-en-venta-en-residencial-el-eden/146182257,Casa en Venta en Residencial El EdÃ©n,"ventaMN 10,370,000",267Â²,320Â²,3,2,2,3,,"Av. Paseo de El EdÃ©n,  Bosques de Santa Anita, Tlajomulco de ZÃºÃ±iga"
https://www.vivanuncios.com.mx/a-venta-casa/fraccionamiento-el-paraiso/casa-en-venta-en-el-sur-paraiso-residencial-tlajomulco-de-zuniga-jal/146205852,"Casa en Venta en El Sur, Paraiso Residencial, Tlajomulco de ZÃºÃ±iga, Jal.","ventaMN 3,990,000",102Â²,145Â²,2,1,2,3,,"BLVD BOSQUES DE SANTA ANITA,  Fraccionamiento El ParaÃ­so, Tlajomulco de ZÃºÃ±iga"
https://www.vivanuncios.com.mx/a-venta-casa/santa-anita/casas-en-precenta-en-vicenza-tlajomulco-jalisco/145205983,"Casas en Precenta en Vicenza, Tlajomulco, Jalisco","ventaMN 3,029,775",,142Â²,2,1,2,3,,"vicenza,  Santa Anita, Tlajomulco de ZÃºÃ±iga"
https://www.vivanuncios.com.mx/a-venta-casa/alta-california-residencial/casa-en-alta-california/146867350,Casa en Alta California,"ventaMN 2,540,000",120Â²,124Â²,3,1,2,3,,"La Mesa 42 42,  Alta California Residencial, Tlajomulco de ZÃºÃ±iga"
https://www.vivanuncios.com.mx/a-venta-casa/bosque-real-de-santa-anita/casa-en-venta-bosque-real-santa-anita/145174594,"Casa en Venta Bosque Real, Santa Anita","ventaMN 4,100,000",140Â²,221Â²,4,1,2,4,,"bosque real santa anita,  Bosque Real de Santa Anita, Tlajomulco de ZÃºÃ±iga"
https://www.vivanuncios.com.mx/a-venta-casa/fraccionamiento-del-pilar-residencial/casa-venta-el-pilar/146021916,Casa Venta El Pilar,"ventaMN 4,990,000",160Â²,160Â²,3,,2,3,12,"El Pinar,  Fraccionamiento Del Pilar Residencial, Tlajomulco de ZÃºÃ±iga"
https://www.vivanuncios.com.mx/a-venta-casa/el-palomar/casa-en-venta-en-el-palomar-paseo-de-las-cumbres/146601634,Casa en Venta en El Palomar - Paseo de Las Cumbres,"ventaMN 17,000,000",725Â²,549Â²,4,1,4,4,17,"Paseo de Las Cumbres 274 L-289,  El Palomar, Tlajomulco de ZÃºÃ±iga"
https://www.vivanuncios.com.mx/a-venta-casa/pontevedra/casa-en-venta-el-albazur-residencial-jalisco/146633770,Casa en Venta El Albazur Residencial Jalisco,"ventaMN 3,410,000",116Â²,102Â²,2,1,2,3,,"Albazur,  Pontevedra, Tlajomulco de ZÃºÃ±iga"
https://www.vivanuncios.com.mx/a-venta-casa/cielo-contry-club/casa-en-venta-el-cielo-country-club/142814001,Casa en Venta El Cielo Country Club,"ventaMN 36,000,000",1037Â²,900Â²,7,2,6,6,14,"Retorno de la Laguna  229  , Cielo Contry Club , 45643 Tlajomulco de ZÃºÃ±iga, Jalisco, MÃ©xico,  Cielo Contry Club, Tlajomulco de ZÃºÃ±iga"
https://www.vivanuncios.com.mx/a-venta-casa/la-rioja/casa-en-la-rioja/146506247,Casa en La Rioja,"ventaMN 6,000,000",253Â²,271Â²,4,1,3,4,,"La Rioja,  La Rioja, Tlajomulco de ZÃºÃ±iga"
https://www.vivanuncios.com.mx/a-venta-casa/bosques-de-santa-anita/casa-en-venta-en-bosques-de-santa-anita/146908069,Casa en Venta en Bosques de Santa Anita,"ventaMN 2,944,000",119Â²,199Â²,2,1,2,3,,"Boulevard Bosques de Santa Anita,  Bosques de Santa Anita, Tlajomulco de ZÃºÃ±iga"
https://www.vivanuncios.com.mx/a-venta-casa/el-palomar/casa-hermosa-en-venta-en-el-cielo-coutry-club/142817573,Casa Hermosa en Venta en El Cielo Coutry Club,"ventaMN 23,000,000",480Â²,476Â²,5,1,4,3,7,"PASEO DEL BOSQUE ,  El Palomar, Tlajomulco de ZÃºÃ±iga"
https://www.vivanuncios.com.mx/a-venta-casa/fraccionamiento-cortijo-de-san-agustin/casa-de-oportunidad-en-cortijo-san-agustin/146750582,Casa de Oportunidad en Cortijo San AgustÃ­n,"ventaMN 3,490,000",175Â²,230Â²,2,1,2,3,,"Camino a la Loma 42,  Fraccionamiento Cortijo de San Agustin, Tlajomulco de ZÃºÃ±iga"
https://www.vivanuncios.com.mx/a-venta-casa/casa-fuerte/casa-en-venta-fracc-casa-fuerte-tlajomulco-de-zuniga-jal/145452385,"Casa en Venta Fracc. Casa Fuerte, Tlajomulco de ZuÃ±iga, Jal.","ventaMN 5,200,000",285Â²,250Â²,3,1,3,4,15,"CASA FUERTE ,  Casa Fuerte, Tlajomulco de ZÃºÃ±iga"
https://www.vivanuncios.com.mx/a-venta-casa/el-palomar/casa-en-venta-el-cielo-country-club/141982732,Casa en Venta El Cielo Country Club.,"ventaMN 32,190,000",620Â²,640Â²,6,3,3,6,,"el cielo country club,  El Palomar, Tlajomulco de ZÃºÃ±iga"
https://www.vivanuncios.com.mx/a-venta-casa/fraccionamiento-del-pilar-residencial/casa-con-recamara-en-planta-baja-con-bano-completo/146910929,Casa con RecÃ¡mara en Planta Baja con BaÃ±o Completo,"ventaMN 6,500,000",175Â²,229Â²,3,1,2,4,10,"Aranjuez ,  Fraccionamiento Del Pilar Residencial, Tlajomulco de ZÃºÃ±iga"
https://www.vivanuncios.com.mx/a-venta-casa/pedregal-de-san-miguel/horizonte-cajititlan/146398343,Horizonte Cajititlan,"ventaMN 5,200,000",763Â²,290Â²,2,1,3,2,7,"Circuito san miguel 14 14 Pedregal de San Miguel , 45660 Tlajomulco de ZÃºÃ±iga, Jalisco, MÃ©xico,  Pedregal de San Miguel, Tlajomulco de ZÃºÃ±iga"
https://www.vivanuncios.com.mx/a-venta-casa/lago-nogal/casa-en-venta-en-lago-nogal-hermosa-cocina-y-vestidores-amplios/146909347,Casa en Venta en Lago Nogal Hermosa Cocina y Vestidores Amplios,"ventaMN 17,918,088",,,6,1,7,7,,"Av. Adolfo LÃ³pez Mateos Sur 5550,  Lago Nogal, Tlajomulco de ZÃºÃ±iga"
https://www.vivanuncios.com.mx/a-venta-casa/bosques-de-santa-anita/linda-casa-fraccionamiento-el-eden/144769085,Linda Casa Fraccionamiento El Eden,"ventaMN 5,390,000",183Â²,131Â²,3,2,2,3,,"AV. PASEO DE EL EDEN, BLVRD.,  Bosques de Santa Anita, Tlajomulco de ZÃºÃ±iga"
https://www.vivanuncios.com.mx/a-venta-casa/real-del-sol/se-vende-casa-en-tlajomulco-de-zuniga/146267965,Se Vende Casa en Tlajomulco de ZuÃ±iga,"ventaMN 2,171,000",96Â²,106Â²,2,1,2,3,1,"Real del sol,  Real del Sol, Tlajomulco de ZÃºÃ±iga"
https://www.vivanuncios.com.mx/a-venta-casa/fraccionamiento-villa-california/casa-en-venta-villas-ccalifornia/147032461,Casa en Venta Villas Ccalifornia,"ventaMN 4,500,000",180Â²,230Â²,2,3,3,3,15,"Residencial villas California  Coto imperial,  Fraccionamiento Villa California, Tlajomulco de ZÃºÃ±iga"
https://www.vivanuncios.com.mx/a-venta-casa/la-tijera/venta-casa-con-roof-garden-dentro-de-coto-aurea-residencial-tlajomulco/146633103,Venta Casa con Roof Garden Dentro de Coto Aurea Residencial Tlajomulco,"ventaMN 3,880,000",102Â²,160Â²,2,1,2,3,6,"AV. CAMINO REAL A COLIMA 445,  La Tijera, Tlajomulco de ZÃºÃ±iga"
https://www.vivanuncios.com.mx/a-venta-casa/los-gavilanes-poniente/residencia-al-sur-de-la-ciudad-ubicada-en-los-gavilanes/142838979,Residencia Al Sur de La Ciudad Ubicada en Los Gavilanes,"ventaMN 28,000,000",1848Â²,1848Â²,4,1,12,4,5,"Aldama,  Los Gavilanes Poniente, Tlajomulco de ZÃºÃ±iga"
https://www.vivanuncios.com.mx/a-venta-casa/adamar/oportunidad-casa-nueva-en-venta-en-adamar/145566819,Oportunidad Casa Nueva en Venta en Adamar,"ventaMN 3,390,000",130Â²,176Â²,3,,2,4,,"Av. Adamar 872,  Adamar, Tlajomulco de ZÃºÃ±iga"
https://www.vivanuncios.com.mx/a-venta-casa/campo-de-golf-santa-anita-condominio/casa-en-club-de-golf-santa-anita-tlajomulco-de-zuniga-jalisco/145029677,"Casa en Club de Golf Santa Anita, Tlajomulco de ZÃºÃ±iga, Jalisco","ventaMN 14,900,000",785Â²,330Â²,3,1,4,3,20,"Club de golf santa Anita Tlajomulco de ZÃºÃ±iga jalisco,  Campo de Golf Santa Anita Condominio, Tlajomulco de ZÃºÃ±iga"
https://www.vivanuncios.com.mx/a-venta-casa/residencial-provenza/casa-en-venta-en-provenza-hermosa-cocina-y-vestidores-amplios/146906751,Casa en Venta en Provenza Hermosa Cocina y Vestidores Amplios,"ventaMN 11,713,907",,,5,1,4,5,,"Provenza Residencial,  Residencial Provenza, Tlajomulco de ZÃºÃ±iga"
https://www.vivanuncios.com.mx/a-venta-casa/pontevedra/casa-en-venta-en-albazur-residencial-tlajomulco-jalisco/146667290,Casa en Venta en Albazur Residencial Tlajomulco Jalisco,"ventaMN 3,066,720",97Â²,102Â²,2,1,2,3,,"Albazur,  Pontevedra, Tlajomulco de ZÃºÃ±iga"
https://www.vivanuncios.com.mx/a-venta-casa/pontevedra/casa-en-venta-en-albazur-residencial-tlajomulco-jalisco/146667174,Casa en Venta en Albazur Residencial Tlajomulco Jalisco,"ventaMN 3,056,000",115Â²,102Â²,2,1,2,3,,"Albazur,  Pontevedra, Tlajomulco de ZÃºÃ±iga"
https://www.vivanuncios.com.mx/a-venta-casa/punto-sur/casa-en-venta-en-punto-sur-2-diseno-moderno-que-genera-plusvalia/146925152,Casa en Venta en Punto Sur 2 DiseÃ±o Moderno Que Genera PlusvalÃ­a,"ventaMN 9,885,679",,,5,1,4,5,,"Av. Punto Sur 312,  Punto Sur, Tlajomulco de ZÃºÃ±iga"
https://www.vivanuncios.com.mx/a-venta-casa/los-gavilanes-poniente/casa-en-venta-en-condominio-campo-nogal-hermosa-cocina-y-vestidores-amplios/146905292,Casa en Venta en Condominio Campo Nogal Hermosa Cocina y Vestidores Amplios,"ventaMN 17,236,000",,,6,1,7,7,,"Aldama 113,  Los Gavilanes Poniente, Tlajomulco de ZÃºÃ±iga"
https://www.vivanuncios.com.mx/a-venta-casa/balcones-de-la-calera/casa-de-campo-en-venta-en-valle-de-los-olivos-balcones-de-la-calera-jalisco/147103721,"Casa de Campo en Venta en Valle de Los Olivos, Balcones de La Calera, Jalisco","ventaMN 6,650,000",3142Â²,340Â²,3,,2,4,33,"Sendero del Palo Dulce,  Balcones de La Calera, Tlajomulco de ZÃºÃ±iga"
https://www.vivanuncios.com.mx/a-venta-casa/santa-anita/casa-venta-loreto-fracc-santa-anita/146606404,Casa Venta Loreto Fracc. Santa Anita,"ventaMN 2,150,000",73Â²,76Â²,1,1,1,2,10,"Loreto Fraccionamiemto Santa Anita,  Santa Anita, Tlajomulco de ZÃºÃ±iga"
https://www.vivanuncios.com.mx/a-venta-casa/los-sauces/casa-en-venta-los-sauces-tlajomulco/146429011,"Casa en Venta Los Sauces, Tlajomulco","ventaMN 5,300,000",1500Â²,356Â²,2,1,7,3,4,"VEREDA DE LA CRISANTEMA ,  Los Sauces, Tlajomulco de ZÃºÃ±iga"
https://www.vivanuncios.com.mx/a-venta-casa/fraccionamiento-las-casas-de-san-sebastian/casa-nueva-en-venta-san-sebastian-av-jesus-michel-gonzalez-8-de-julio/142438545,"Casa Nueva en Venta San Sebastian, Av Jesus Michel Gonzalez, 8 de Julio","ventaMN 1,900,000",88Â²,75Â²,2,1,2,2,,"camino agua a agua amarilla,  Fraccionamiento Las Casas de San SebastiÃ¡n, Tlajomulco de ZÃºÃ±iga"
https://www.vivanuncios.com.mx/a-venta-casa/bosques-de-santa-anita/casa-en-venta-cerca-punto-sur-el-paraje-galerias-santa-anita-tlajomulco/142438575,"Casa en Venta Cerca Punto Sur, El Paraje Galerias Santa Anita, Tlajomulco","ventaMN 6,700,000",200Â²,202Â²,4,1,4,4,,"AV VUELO DE LAS GRULLAS,  Bosques de Santa Anita, Tlajomulco de ZÃºÃ±iga"
https://www.vivanuncios.com.mx/a-venta-casa/jardines-de-la-calera/casa-en-venta-en-paseo-de-los-agaves-tlajomulco-de-zuniga/143161600,"Casa en Venta en Paseo de Los Agaves, Tlajomulco de ZuÃ±iga","ventaMN 1,500,000",160Â²,67Â²,1,1,1,3,3,"Av. Aurora Boreal #89, Paseo de los Agaves,  Jardines de La Calera, Tlajomulco de ZÃºÃ±iga"
https://www.vivanuncios.com.mx/a-venta-casa/campo-de-golf-santa-anita-condominio/residencia-en-venta-en-club-de-golf-santa-anita-jalisco-dco/143151611,"Residencia en Venta en Club de Golf Santa Anita, Jalisco. Dco.","ventaMN 28,000,000",1156Â²,680Â²,3,2,6,4,10,"Club de Golf Santa Anita,  Campo de Golf Santa Anita Condominio, Tlajomulco de ZÃºÃ±iga"
https://www.vivanuncios.com.mx/a-venta-casa/punto-sur/casa-en-venta-punto-sur-este-206-recorrido-virtual/145692554,Casa en Venta Punto Sur Este #206 (Recorrido Virtual),"ventaMN 6,350,000",,,,,,,,"magallanes,  Punto Sur, Tlajomulco de ZÃºÃ±iga"
https://www.vivanuncios.com.mx/a-venta-casa/el-palomar/casa-en-venta-en-el-palomar/144149835,Casa en Venta en El Palomar,"ventaMN 18,950,000",1100Â²,450Â²,6,2,6,5,10,"El palomar,  El Palomar, Tlajomulco de ZÃºÃ±iga"
https://www.vivanuncios.com.mx/a-venta-casa/fraccionamiento-el-alcazar-casa-fuerte/casa-a-estrenar-en-casa-fuerte-con-rec-en-planta-baja/142519482,Casa a Estrenar en Casa Fuerte (Con Rec en Planta Baja),"ventaMN 6,510,000",300Â²,280Â²,4,1,3,4,1,"CASA FUERTE,  Fraccionamiento El AlcÃ¡zar (Casa Fuerte), Tlajomulco de ZÃºÃ±iga"
https://www.vivanuncios.com.mx/a-venta-casa/hacienda-mirage/casa-en-venta-en-hacienda-mirage-san-agustin-tlajomulco-de-zuniga-jalisco/144704681,"Casa en Venta en Hacienda Mirage, San AgustÃ­n, Tlajomulco de ZÃºÃ±iga, Jalisco","ventaMN 7,200,000",360Â²,317Â²,3,1,4,3,21,"ANTIGUO CAMINO A SAN ISIDRO ,  Hacienda Mirage, Tlajomulco de ZÃºÃ±iga"
https://www.vivanuncios.com.mx/a-venta-casa/fraccionamiento-villa-california/se-vende-casa-en-villa-california/145669853,Se Vende Casa en Villa California,"ventaMN 2,750,000",140Â²,123Â²,2,1,2,3,1,"-,  Fraccionamiento Villa California, Tlajomulco de ZÃºÃ±iga"
https://www.vivanuncios.com.mx/a-venta-casa/los-gavilanes-poniente/casa-en-venta-en-condominio-campo-nogal-hermosa-cocina-y-vestidores-amplios/146905381,Casa en Venta en Condominio Campo Nogal Hermosa Cocina y Vestidores Amplios,"ventaMN 13,833,040",,,6,1,7,7,,"Aldama 113,  Los Gavilanes Poniente, Tlajomulco de ZÃºÃ±iga"
https://www.vivanuncios.com.mx/a-venta-casa/fraccionamiento-senderos-de-monte-verde/casa-en-venta-en-senderos-de-monteverde-tlajomulco/145118496,"Casa en Venta en Senderos de Monteverde, Tlajomulco","ventaMN 4,147,500",138Â²,196Â²,2,1,2,3,,"Boulevard Senderos de Monte verde #179,  Fraccionamiento Senderos de Monte Verde, Tlajomulco de ZÃºÃ±iga"
https://www.vivanuncios.com.mx/a-venta-casa/fraccionamiento-villa-california/casa-en-venta-en-villa-california/145114519,Casa en Venta en Villa California,"ventaMN 3,300,000",15968Â²,137Â²,1,1,2,3,11,"Villa california,  Fraccionamiento Villa California, Tlajomulco de ZÃºÃ±iga"
https://www.vivanuncios.com.mx/a-venta-casa/san-agustin/venta-de-casa-en-san-agustin-en-jalisco/146935035,Venta de Casa en San Agustin en Jalisco,"ventaMN 1,079,000",230Â²,260Â²,2,,2,3,15,"Privada Enrique  LimÃ³n DÃ­az ,  San AgustÃ­n, Tlajomulco de ZÃºÃ±iga"
https://www.vivanuncios.com.mx/a-venta-casa/las-villas/casa-en-venta-en-las-villas-increible-diseno-y-amplitud/146901034,Casa en Venta en Las Villas IncreÃ­ble DiseÃ±o y Amplitud,"ventaMN 9,832,396",,,6,1,7,7,,"C. Las Villas 10,  Las Villas, Tlajomulco de ZÃºÃ±iga"
https://www.vivanuncios.com.mx/a-venta-casa/casa-fuerte/casa-en-venta-casa-fuerte-zona-sur-oportunidad/30148867,Casa en Venta Casa Fuerte Zona Sur Oportunidad!,"ventaMN 3,500,000",161Â²,184Â²,3,1,2,4,10,"Paseo del Castillo 95,  Casa Fuerte, Tlajomulco de ZÃºÃ±iga"
https://www.vivanuncios.com.mx/a-venta-casa/tlajomulco-centro/casa-de-campo-en-tlajomulco-de-zuniga-jalisco/30132733,"Casa de Campo en Tlajomulco de ZÃºÃ±iga, Jalisco","ventaMN 25,000,000",16300Â²,2437Â²,5,1,1,5,7,"Cto. Metropolitano Sur, Sin Nombre, 45640 Tlajomulco de ZÃºÃ±iga, Jal., Mexico,  Tlajomulco Centro, Tlajomulco de ZÃºÃ±iga"
https://www.vivanuncios.com.mx/a-venta-casa/san-agustin/casa-en-venta-alaria/144853288,Casa en Venta Alaria,"ventaMN 2,800,000",161Â²,81Â²,2,,2,2,,"Av. Camino Real a Colima 784, 45640 San AgustÃ­n, Jal.,  San AgustÃ­n, Tlajomulco de ZÃºÃ±iga"
https://www.vivanuncios.com.mx/a-venta-casa/san-agustin/casa-en-venta-en-alta-california-sin-vecino-posterior/145772599,Casa en Venta en Alta California Sin Vecino Posterior,"ventaMN 2,700,000",120Â²,105Â²,2,1,1,3,,"Alta California,  San AgustÃ­n, Tlajomulco de ZÃºÃ±iga"
https://www.vivanuncios.com.mx/a-venta-casa/el-cielo-country-club-tlajomulco/el-cielo-country-club-tlajomulco-de-zuniga/146903928,"El Cielo Country Club, Tlajomulco de ZÃºÃ±iga","ventaMN 22,000,000",475Â²,455Â²,5,1,4,5,1,"Paseo Bosques del Cielo ,  El Cielo Country Club Tlajomulco, El Palomar"
https://www.vivanuncios.com.mx/a-venta-casa/fraccionamiento-senderos-de-monte-verde/casa-en-venta-en-senderos-de-monte-verde/146617023,Casa en Venta en Senderos de Monte Verde.,"ventaMN 2,900,000",139Â²,140Â²,2,1,2,3,10,"Adolfo Mateos Sur,  Fraccionamiento Senderos de Monte Verde, Tlajomulco de ZÃºÃ±iga"
https://www.vivanuncios.com.mx/a-venta-casa/fraccionamiento-nueva-galicia-residencial/venta/143176470,Venta,"ventaMN 4,680,000",119Â²,175Â²,2,1,2,3,,"VALLE DEL SILICIO S/N,  Fraccionamiento Nueva Galicia Residencial, Tlajomulco de ZÃºÃ±iga"
https://www.vivanuncios.com.mx/a-venta-casa/punto-sur/residencia-en-venta-punto-sur-elite/143368374,Residencia en Venta Punto Sur Elite,"ventaMN 9,360,000",189Â²,285Â²,3,2,2,3,,"PUNTO SUR ELITE ,  Punto Sur, Tlajomulco de ZÃºÃ±iga"
https://www.vivanuncios.com.mx/a-venta-casa/punto-sur/casa-en-venta-en-punto-sur-elite-increible-diseno-y-amplitud/146900499,Casa en Venta en Punto Sur Elite IncreÃ­ble DiseÃ±o y Amplitud,"ventaMN 11,656,640",,,5,1,4,5,,"Av. Punto Sur 6259,  Punto Sur, Tlajomulco de ZÃºÃ±iga"
https://www.vivanuncios.com.mx/a-venta-casa/el-palomar/casa-de-lujo-en-venta-en-el-palomar/146785473,Casa de Lujo en Venta en El Palomar,"ventaMN 38,000,000",1600Â²,900Â²,5,3,18,,10,"Paseo de los laureles,  El Palomar, Tlajomulco de ZÃºÃ±iga"
https://www.vivanuncios.com.mx/a-venta-casa/el-palomar/casa-en-venta-el-cielo-country-club-tlajomulco-de-zuniga/146481353,"Casa en Venta - El Cielo Country Club, Tlajomulco de ZÃºÃ±iga","ventaMN 14,490,000",412Â²,589Â²,5,1,6,3,,"Paseo de los lagos - ,  El Palomar, Tlajomulco de ZÃºÃ±iga"
https://www.vivanuncios.com.mx/a-venta-casa/fraccionamiento-villas-de-la-hacienda/se-vende-casa-en-fraccionamiento-villas-de-la-hacienda-850-000/146979053,"Se Vende Casa en Fraccionamiento Villas de La Hacienda 850,000","ventaMN 850,000",90Â²,43Â²,1,,1,3,11,"Ototipac,  Fraccionamiento Villas de La Hacienda, Tlajomulco de ZÃºÃ±iga"
https://www.vivanuncios.com.mx/a-venta-casa/el-palomar/se-vende-casa-en-el-palomar-tlajomulco/144202775,"Se Vende Casa en El Palomar, Tlajomulco","ventaMN 13,500,000",1052Â²,605Â²,6,1,3,7,20,"paseo de los alamos 343,  El Palomar, Tlajomulco de ZÃºÃ±iga"
https://www.vivanuncios.com.mx/a-venta-casa/san-agustin/casa-en-venta-en-san-agustin/146374353,Casa en Venta en San AgustÃ­n,"ventaMN 4,800,000",119Â²,119Â²,3,,2,3,3,"-,  San AgustÃ­n, Tlajomulco de ZÃºÃ±iga"
https://www.vivanuncios.com.mx/a-venta-casa/san-martin-del-tajo/casa-en-venta-en-san-martin-del-tajo-hermosa-cocina-y-vestidores-amplios/146925136,Casa en Venta en San Martin del Tajo Hermosa Cocina y Vestidores Amplios,"ventaMN 15,068,672",,,5,1,4,5,,"San MartÃ­n del Tajo, Los Gavilanes,  San Martin Del Tajo, Tlajomulco de ZÃºÃ±iga"
https://www.vivanuncios.com.mx/a-venta-casa/residencial-provenza/casa-en-venta-en-provenza-increible-diseno-y-amplitud/146909370,Casa en Venta en Provenza IncreÃ­ble DiseÃ±o y Amplitud,"ventaMN 13,683,240",,,5,1,6,6,,"Provenza Residencial,  Residencial Provenza, Tlajomulco de ZÃºÃ±iga"
https://www.vivanuncios.com.mx/a-venta-casa/el-palomar/casa-en-venta-fraccionamiento-el-palomar/91440555,Casa en Venta Fraccionamiento El Palomar,"ventaMN 10,950,000",836Â²,836Â²,3,3,4,4,11,"Paseo del Agua 287,  El Palomar, Tlajomulco de ZÃºÃ±iga"
https://www.vivanuncios.com.mx/a-venta-casa/bosques-de-las-moras/casa-en-venta-paraje-casas-de-autor-san-agustin/145564681,"Casa en Venta, Paraje Casas de Autor, San Agustin.","ventaMN 6,800,000",140Â²,198Â²,4,1,4,4,,"av vuelo de las grullas 200  , Las Grullas , 45645 Tlajomulco de ZÃºÃ±iga, Jalisco, MÃ©xico,  Bosques de Las Moras, Tlajomulco de ZÃºÃ±iga"
https://www.vivanuncios.com.mx/a-venta-casa/hacienda-santa-fe/venta-casa-av-moron-204-hacienda-sta-fe-tlajomulco-de-zuniga-jal/146926674,Venta Casa Av MorÃ³n 204 Hacienda Sta Fe Tlajomulco de ZÃºÃ±iga Jal,"ventaMN 697,000",50Â²,83Â²,1,,1,2,21,"Avenida MorÃ³n 204,  Hacienda Santa Fe, Tlajomulco de ZÃºÃ±iga"
https://www.vivanuncios.com.mx/a-venta-casa/la-rioja/casa-en-venta-en-fracc-la-rioja/145910830,Casa en Venta en Fracc La Rioja,"ventaMN 8,800,000",209Â²,254Â²,2,1,2,3,5,"calle badaran 703,  La Rioja, Tlajomulco de ZÃºÃ±iga"
https://www.vivanuncios.com.mx/a-venta-casa/real-del-sol/casa-en-venta-coto-real-del-sol-tlajomulco/147107093,"Casa en Venta Coto Real del Sol, Tlajomulco","ventaMN 1,100,000",117Â²,50Â²,1,,2,2,,"SÃºper Nova 320,  Real del Sol, Tlajomulco de ZÃºÃ±iga"
https://www.vivanuncios.com.mx/a-venta-casa/cuexcomatlan/vive-frente-a-la-laguna-de-cajititlan/146489976,Vive Frente a La Laguna de CajititlÃ¡n!,"ventaMN 7,600,000",2169Â²,344Â²,3,,3,4,10,"calle juarez 171,  CuexcomatlÃ¡n, Tlajomulco de ZÃºÃ±iga"
https://www.vivanuncios.com.mx/a-venta-casa/el-palomar/casa-en-venta-el-palomar/145845393,Casa en Venta El Palomar,"ventaMN 22,000,000",1137Â²,591Â²,3,1,6,3,30,"Rinconada del Acueducto,  El Palomar, Tlajomulco de ZÃºÃ±iga"
https://www.vivanuncios.com.mx/a-venta-casa/el-palomar/hermosa-casa-en-venta-en-la-1ra-seccion-el-palomar/146219356,Hermosa Casa en Venta en La 1ra Seccion El Palomar,"ventaMN 10,800,000",479Â²,426Â²,4,2,4,4,,"Valle Nacional 220,  El Palomar, Tlajomulco de ZÃºÃ±iga"
https://www.vivanuncios.com.mx/a-venta-casa/bosques-de-santa-anita/casa-en-venta-en-bosques-de-santa-anita/146497980,Casa en Venta en Bosques de Santa Anita,"ventaMN 5,300,000",180Â²,180Â²,3,,3,3,5,"-,  Bosques de Santa Anita, Tlajomulco de ZÃºÃ±iga"
https://www.vivanuncios.com.mx/a-venta-casa/adamar/casa-en-venta-adamar-residencial/145355538,Casa en Venta Adamar Residencial,"ventaMN 3,400,000",141Â²,141Â²,3,,2,3,,"Adamar,  Adamar, Tlajomulco de ZÃºÃ±iga"
https://www.vivanuncios.com.mx/a-venta-casa/san-juan-evangelista-san-juan/casa-en-venta-en-cajititlan-san-juan-evangelista/146163296,Casa en Venta en CajititlÃ¡n San Juan Evangelista,"ventaMN 6,500,000",912Â²,456Â²,5,2,6,5,10,"CajititlÃ¡n | San Juan Evangelista,  San Juan Evangelista (San Juan), Tlajomulco de ZÃºÃ±iga"
https://www.vivanuncios.com.mx/a-venta-casa/fraccionamiento-banus/remato-casa-en-banus-residencial-jalisco-junto-plaza-outlet-guadalajara/144908500,"Remato Casa en Banus Residencial, Jalisco Junto Plaza Outlet Guadalajara","ventaMN 634,000",125Â²,95Â²,2,1,2,3,15,"CTO DE CORTES, FRACCIONAMIENTO BANUS RESIDENCIAL,  Fraccionamiento Banus, Tlajomulco de ZÃºÃ±iga"
https://www.vivanuncios.com.mx/a-venta-casa/coto-nueva-galicia/casa-en-venta-en-fracc-nueva-galicia/144629190,Casa en Venta en Fracc Nueva Galicia,"ventaMN 6,350,000",160Â²,245Â²,3,,2,4,,"Valle del Silicio  100,  Coto Nueva Galicia, Tlajomulco de ZÃºÃ±iga"
https://www.vivanuncios.com.mx/a-venta-casa/bosques-de-santa-anita/casa-nueva-en-venta-al-eden-residencial-en-tlajomulco-de-zuniga/143639403,"Casa Nueva en Venta, Al EdÃ©n Residencial en Tlajomulco de ZÃºÃ±iga","ventaMN 7,990,000",220Â²,260Â²,3,1,2,2,,"AL EDEN,  Bosques de Santa Anita, Tlajomulco de ZÃºÃ±iga"
https://www.vivanuncios.com.mx/a-venta-casa/san-agustin/casa-en-paraje-casas-de-autor/145348057,Casa en Paraje Casas de Autor,"ventaMN 5,500,000",140Â²,188Â²,2,1,2,3,,"Paraje Casas de Autor,  San AgustÃ­n, Tlajomulco de ZÃºÃ±iga"
https://www.vivanuncios.com.mx/a-venta-casa/el-zapote-del-valle/hermosa-casa-de-campo-en-venta-el-gallo-tlajomulco-de-zuniga/143991128,"Hermosa Casa de Campo en Venta, El Gallo, Tlajomulco de ZuÃ±iga","ventaMN 3,600,000",2675Â²,298Â²,4,1,6,3,12,"EL GALLO LOTE ,  El Zapote Del Valle, Tlajomulco de ZÃºÃ±iga"
https://www.vivanuncios.com.mx/a-venta-casa/cielo-contry-club/casa-en-venta-en-el-cielo-country-club-hermosa-cocina-y-vestidores-amplios/146905497,Casa en Venta en El Cielo Country Club Hermosa Cocina y Vestidores Amplios,"ventaMN 36,337,590",,,6,1,7,7,,"Paseo del Cielo 1,  Cielo Contry Club, Tlajomulco de ZÃºÃ±iga"
https://www.vivanuncios.com.mx/a-venta-casa/lago-nogal/casa-en-venta-en-lago-nogal-acabados-modernos-y-alta-calidad/146906413,Casa en Venta en Lago Nogal Acabados Modernos y Alta Calidad,"ventaMN 16,532,819",,,6,1,7,7,,"Av. Adolfo LÃ³pez Mateos Sur 5550,  Lago Nogal, Tlajomulco de ZÃºÃ±iga"
https://www.vivanuncios.com.mx/a-venta-casa/la-concha/se-vende-inmueble-en-jardin-la-conchita/146316139,Se Vende Inmueble en Jardin La Conchita,"ventaMN 1,275,000",90Â²,90Â²,2,,1,4,7,"puerta vieja sur 7 la conchita jardin residencial,  La Concha, Tlajomulco de ZÃºÃ±iga"
https://www.vivanuncios.com.mx/a-venta-casa/hacienda-santa-fe/casa-en-venta-en-hacienda-santa-fe-jalisco/146935911,Casa en Venta en Hacienda Santa Fe Jalisco,"ventaMN 697,000",83Â²,50Â²,1,,1,2,15,"Av Moron Hacienda Santa Fe, Jalisco,  Hacienda Santa Fe, Tlajomulco de ZÃºÃ±iga"
https://www.vivanuncios.com.mx/a-venta-casa/fraccionamiento-jardines-del-eden/casa-en-venta-en-fracc-villa-esmeralda-en-tlajomulco/145831609,Casa en Venta en Fracc. Villa Esmeralda en Tlajomulco,"ventaMN 1,290,000",80Â²,110Â²,2,,1,3,15,"Amatista 516,  Fraccionamiento Jardines Del EdÃ©n, Tlajomulco de ZÃºÃ±iga"
https://www.vivanuncios.com.mx/a-venta-casa/san-agustin/-casa-en-venta-en-katania-residencial-san-agustin/145976303,"Â¡Casa en Venta en Katania Residencial, San AgustÃ­n!","ventaMN 5,200,000",144Â²,193Â²,2,2,2,3,1,"camino real a colima 1050,  San AgustÃ­n, Tlajomulco de ZÃºÃ±iga"
https://www.vivanuncios.com.mx/a-venta-casa/fraccionamiento-altus-bosques/casa-en-venta-en-fraccionamiento-altus-bosques/146752610,Casa en Venta en Fraccionamiento Altus Bosques,"ventaMN 1,690,000",88Â²,93Â²,2,,2,3,15,"-,  Fraccionamiento Altus Bosques, Tlajomulco de ZÃºÃ±iga"
https://www.vivanuncios.com.mx/a-venta-casa/pontevedra/casa-en-venta-en-pontevedra/146308742,Casa en Venta en Pontevedra,"ventaMN 2,500,000",102Â²,102Â²,2,1,2,3,,"-,  Pontevedra, Tlajomulco de ZÃºÃ±iga"
https://www.vivanuncios.com.mx/a-venta-casa/fraccionamiento-san-diego/hermosa-casa-en-venta-en-fraccionamiento-lomas-de-san-diego-en-tlajomulco/145217601,Hermosa Casa en Venta en Fraccionamiento Lomas de San Diego en Tlajomulco,"ventaMN 3,600,000",272Â²,237Â²,2,,2,3,13,"Fraccionamiento san diego,  Fraccionamiento San Diego, Tlajomulco de ZÃºÃ±iga"
https://www.vivanuncios.com.mx/a-venta-casa/hacienda-mirage/casa-en-venta-en-hacienda-mirage/141962727,Casa en Venta en Hacienda Mirage,"ventaMN 8,500,000",390Â²,220Â²,4,1,2,4,9,"hacienda mirage,  Hacienda Mirage, Tlajomulco de ZÃºÃ±iga"
https://www.vivanuncios.com.mx/a-venta-casa/bosques-de-santa-anita/casa-en-venta-en-bosques-de-santa-anita-tlajomulco-de-zuniga-jalisco/146556605,"Casa en Venta en Bosques de Santa Anita, Tlajomulco de ZuÃ±iga, Jalisco","ventaMN 8,700,000",462Â²,370Â²,4,2,5,3,20,"CaÃ±ada del Tigre 7,  Bosques de Santa Anita, Tlajomulco de ZÃºÃ±iga"
https://www.vivanuncios.com.mx/a-venta-casa/punto-sur/casa-en-venta-en-punto-sur-elite-hermosa-cocina-y-vestidores-amplios/146900520,Casa en Venta en Punto Sur Elite Hermosa Cocina y Vestidores Amplios,"ventaMN 12,257,960",,,5,1,4,5,,"Av. Punto Sur 6259,  Punto Sur, Tlajomulco de ZÃºÃ±iga"
https://www.vivanuncios.com.mx/a-venta-casa/vista-sur-residencial/venta-de-casa-en-vista-sur/146309776,Venta de Casa en Vista Sur,"ventaMN 2,300,000",112Â²,93Â²,2,1,2,3,4,"Av. Vista Oriente,  Vista Sur Residencial, Tlajomulco de ZÃºÃ±iga"
https://www.vivanuncios.com.mx/a-venta-casa/fraccionamiento-los-cantaros/casa-en-venta-condominio-del-artesano/147030784,Casa en Venta Condominio del Artesano,"ventaMN 1,000,000",68Â²,60Â²,1,,1,2,,"Del Artesano,  Fraccionamiento Los Cantaros, Tlajomulco de ZÃºÃ±iga"
https://www.vivanuncios.com.mx/a-venta-casa/bosque-real-de-santa-anita/casa-en-venta-en-bosques-fraccionamiento-bosque-real/147062144,Casa en Venta en Bosques Fraccionamiento Bosque Real,"ventaMN 4,290,000",152Â²,140Â²,3,,3,3,,"Blvrd Bosques de Sta Anita, Fraccionamiento Bosque Real, Tlajomulco de ZÃºÃ±iga 16 I6,  Bosque Real de Santa Anita, Tlajomulco de ZÃºÃ±iga"
https://www.vivanuncios.com.mx/a-venta-casa/la-rioja/casa-en-venta-en-fraccionamiento-la-rioja/146143281,Casa en Venta en Fraccionamiento La Rioja,"ventaMN 8,900,000",253Â²,300Â²,3,1,3,3,6,"QUINTANAR 0,  La Rioja, Tlajomulco de ZÃºÃ±iga"
https://www.vivanuncios.com.mx/a-venta-casa/san-agustin/casas-en-venta-zoi-bosques-san-agustin-tlajomulco-de-zuniga/145992040,"Casas en Venta Zoi Bosques San Agustin, Tlajomulco de ZuÃ±iga","ventaMN 3,508,230",99Â²,99Â²,2,1,2,3,,"Blvrd Bosques de Sta Anita,  San AgustÃ­n, Tlajomulco de ZÃºÃ±iga"
https://www.vivanuncios.com.mx/a-venta-casa/tlajomulco-centro/venta-de-casa-en-hacienda-mirage/146744171,Venta de Casa en Hacienda Mirage,"ventaMN 9,100,000",522Â²,336Â²,3,4,1,3,4,"ANTIGUO CAMINO SAN ISIDRO 551 INT. 36,  Tlajomulco Centro, Tlajomulco de ZÃºÃ±iga"
https://www.vivanuncios.com.mx/a-venta-casa/casa-fuerte/casa-en-coto-bastion-en-col-casa-fuerte-con-alberca-a-5-min-del-fracc-adamar/146877737,Casa en Coto Bastion en Col Casa Fuerte con Alberca a 5 Min del Fracc Adamar,"ventaMN 1,552,300",141Â²,141Â²,2,1,2,3,10,"COTO EL BASTION,  Casa Fuerte, Tlajomulco de ZÃºÃ±iga"
https://www.vivanuncios.com.mx/a-venta-casa/bosques-cedros/casa-nueva-bosques-cedros-acabados-de-lujo-clima-perfecto-vistas-espectaculares/145528969,"Casa Nueva Bosques Cedros Acabados de Lujo, Clima Perfecto, Vistas Espectaculares","ventaMN 4,980,000",144Â²,181Â²,3,,2,4,,"paseo de los ficus j10,  Bosques Cedros, Tlajomulco de ZÃºÃ±iga"
https://www.vivanuncios.com.mx/a-venta-casa/la-rioja/casa-en-venta-en-la-rioja-diseno-moderno-que-genera-plusvalia/146925065,Casa en Venta en La Rioja DiseÃ±o Moderno Que Genera PlusvalÃ­a,"ventaMN 17,434,421",,,5,1,6,6,,"La Rioja, Los Gavilanes,  La Rioja, Tlajomulco de ZÃºÃ±iga"
https://www.vivanuncios.com.mx/a-venta-casa/rinconada-santa-anita/amplia-casa-en-venta-en-coto-rinconada-santa-anita/144537797,Amplia Casa en Venta en Coto Rinconada Santa Anita,"ventaMN 12,500,000",450Â²,500Â²,4,2,4,4,8,"Rinconada Santa Anita,  Rinconada Santa Anita, Tlajomulco de ZÃºÃ±iga"
https://www.vivanuncios.com.mx/a-venta-casa/balcones-de-la-calera/casa-de-campo-en-fraccionamiento-la-calera-a-bordo-de-carretera/143287827,Casa de Campo en Fraccionamiento La Calera a Bordo de Carretera,"ventaMN 15,000,000",,,,,,,,"JACARANDAS #,  Balcones de La Calera, Tlajomulco de ZÃºÃ±iga"
https://www.vivanuncios.com.mx/a-venta-casa/ciudad-tlajomulco-de-zuniga/se-vende-casa-con-locales-comerciales-en-centro-tlajomulco-de-zuniga/144617592,Se Vende Casa con Locales Comerciales en Centro Tlajomulco de ZÃºÃ±iga,"ventaMN 7,600,000",882Â²,882Â²,2,2,3,2,5,"JuÃ¡rez Centro,  Ciudad Tlajomulco de ZuÃ±iga, Tlajomulco de ZÃºÃ±iga"
https://www.vivanuncios.com.mx/a-venta-casa/balcones-de-la-calera/casa-en-venta-con-alberca-en-balcones-de-la-calera-ideal-para-casa-de-campo/147014573,Casa en Venta con Alberca en Balcones de La Calera Ideal Para Casa de Campo,"ventaMN 4,350,000",805Â²,466Â²,3,,2,5,,"136 Celajes,  Balcones de La Calera, Tlajomulco de ZÃºÃ±iga"
https://www.vivanuncios.com.mx/a-venta-casa/la-tijera/casa-en-venta-en-la-tijera-guadalajara-jalisco/146872459,Casa en Venta en La Tijera Guadalajara Jalisco,"ventaMN 7,300,000",217Â²,260Â²,4,1,3,4,,"Ramal de la Tijera  1235 Guadalajara Jalisco,  La Tijera, Tlajomulco de ZÃºÃ±iga"
https://www.vivanuncios.com.mx/a-venta-casa/bosques-de-santa-anita/casa-en-albazur-santa-anita/146999909,Casa en Albazur Santa Anita,"ventaMN 3,590,000",119Â²,144Â²,3,,2,4,,"Albazur,  Bosques de Santa Anita, Tlajomulco de ZÃºÃ±iga"
https://www.vivanuncios.com.mx/a-venta-casa/san-agustin/venta-casa-privanza-residencial-3-recamaras-un-estudio-terraza-privada/146005588,"Venta Casa Privanza Residencial 3 Recamaras, un Estudio, Terraza Privada","ventaMN 3,296,000",140Â²,180Â²,2,1,2,3,15,"Privanza Residencial Avenida Camino Real a Colima 200 San Agustin Jalisco Mexico,  San AgustÃ­n, Tlajomulco de ZÃºÃ±iga"
https://www.vivanuncios.com.mx/a-venta-casa/san-agustin/-lujosa-casa-en-venta-por-debajo-de-su-valor-real/146933239,Â¡Lujosa Casa en Venta por Debajo de Su Valor Real!,"ventaMN 8,999,000",367Â²,315Â²,4,1,4,4,10,"Avenida Camino Real a Colima 3002 Hacienda del Oro,  San AgustÃ­n, Tlajomulco de ZÃºÃ±iga"
https://www.vivanuncios.com.mx/a-venta-casa/pueblo-san-agustin/casa-en-venta/146919220,Casa en Venta,"ventaMN 3,500,000",700Â²,380Â²,4,,4,4,,"Casa EN Venta EN Obra Gris, SAN Agustin, Tlajomulco DE ZuÃ±iga,  Jalisco.,  Pueblo San Agustin, Tlajomulco de ZÃºÃ±iga"
https://www.vivanuncios.com.mx/a-venta-casa/tlajomulco-de-zuniga/casa-en-adamar/145529346,Casa en Adamar,"ventaMN 3,800,000",123Â²,123Â²,3,,2,3,,"Adamar,  Tlajomulco de ZÃºÃ±iga, Jalisco"
https://www.vivanuncios.com.mx/a-venta-casa/el-paraiso/casa-en-venta-en-bosques-de-santa-anita-tlajomulco-de-zuniga/147013963,Casa en Venta en Bosques de Santa Anita Tlajomulco de ZuÃ±iga.,"ventaMN 3,990,000",102Â²,145Â²,,,2,3,,"2377 Boulevard Bosques de Santa Anita,  El ParaÃ­so, Tlajomulco de ZÃºÃ±iga"
https://www.vivanuncios.com.mx/a-venta-casa/la-tijera/casa-en-vneta-en-nueva-galicia-tlajomulco-de-zuniga-jalisco/147014893,"Casa en Vneta en Nueva Galicia, Tlajomulco de ZuÃ±iga, Jalisco","ventaMN 4,800,000",,,2,,2,3,,"1519 Blvd. Prol. Mariano Otero,  La Tijera, Tlajomulco de ZÃºÃ±iga"
https://www.vivanuncios.com.mx/a-venta-casa/tlajomulco-de-zuniga/casa-en-venta-en-los-gavilanes-dentro-de-coto/147014680,Casa en Venta en Los Gavilanes Dentro de Coto,"ventaMN 11,500,000",494Â²,350Â²,3,,4,4,,"291 Hidalgo,  Tlajomulco de ZÃºÃ±iga, Jalisco"
https://www.vivanuncios.com.mx/a-venta-casa/san-agustin/casa-en-venta-en-san-agustin-tlajomulco-de-zuniga-jalisco/147014789,"Casa en Venta en San AgustÃ­n, Tlajomulco de ZuÃ±iga, Jalisco *","ventaMN 5,000,000",,,2,,2,3,,"Vuelo de las grullas,,  San AgustÃ­n, Tlajomulco de ZÃºÃ±iga"
https://www.vivanuncios.com.mx/a-venta-casa/santa-cruz-del-valle/casa-en-venta-residencial-jardines-del-eden/146583005,Casa en Venta Residencial Jardines del Eden,"ventaMN 1,270,000",,90Â²,2,,1,2,8,"Residencial Jardines del Eden,  Santa Cruz del Valle, Tlajomulco de ZÃºÃ±iga"
https://www.vivanuncios.com.mx/a-venta-casa/punto-sur/residencia-de-lujo-en-venta-en-punto-sur-1-al-lado-de-la-plaza/147014432,Residencia de Lujo en Venta en Punto Sur 1 Al Lado de La Plaza,"ventaMN 13,500,000",192Â²,305Â²,5,,3,3,1,"6236 Alameda punto sur,  Punto Sur, Tlajomulco de ZÃºÃ±iga"
https://www.vivanuncios.com.mx/a-venta-casa/fraccionamiento-club-de-golf-santa-anita/clu-de-golf-santa-anita/143574918,Clu de Golf Santa Anita,"ventaMN 24,000,000",889Â²,596Â²,4,1,6,4,,"Club DE Golf Santa Anita,  Fraccionamiento Club de Golf Santa Anita, Tlajomulco de ZÃºÃ±iga"
https://www.vivanuncios.com.mx/a-venta-casa/fraccionamiento-club-de-golf-santa-anita/casa-en-condominio-en-club-de-golf-santa-anita-tlajomulco-de-zuniga/146014781,"Casa en Condominio en Club de Golf Santa Anita, Tlajomulco de ZÃºÃ±iga","ventaMN 25,300,000",889Â²,596Â²,4,1,5,4,,"Casa en Condominio en Club de Golf Santa Anita, Tlajomulco de ZÃºÃ±iga,  Fraccionamiento Club de Golf Santa Anita, Tlajomulco de ZÃºÃ±iga"
https://www.vivanuncios.com.mx/a-venta-casa/tlajomulco-de-zuniga/casa-en-adamar/146776752,Casa en Adamar,"ventaMN 3,600,000",108Â²,173Â²,2,2,,3,,"Adamar,  Tlajomulco de ZÃºÃ±iga, Jalisco"
https://www.vivanuncios.com.mx/a-venta-casa/pontevedra/casa-fraccionamiento-pontevedra/145985313,Casa - Fraccionamiento Pontevedra,"ventaMN 2,583,000",102Â²,97Â²,2,1,2,3,,"Casa Modelo Ocre,  Pontevedra, Tlajomulco de ZÃºÃ±iga"
https://www.vivanuncios.com.mx/a-venta-casa/fraccionamiento-el-alcazar-casa-fuerte/casa-en-casa-fuerte/146323082,Casa en Casa Fuerte,"ventaMN 6,300,000",273Â²,247Â²,4,,3,4,,"Casa Fuerte,  Fraccionamiento El AlcÃ¡zar (Casa Fuerte), Tlajomulco de ZÃºÃ±iga"
https://www.vivanuncios.com.mx/a-venta-casa/fraccionamiento-el-alcazar-casa-fuerte/casa-en-casa-fuerte/146565643,Casa en Casa Fuerte,"ventaMN 4,600,000",140Â²,180Â²,3,,2,3,,"Casa Fuerte,  Fraccionamiento El AlcÃ¡zar (Casa Fuerte), Tlajomulco de ZÃºÃ±iga"
https://www.vivanuncios.com.mx/a-venta-casa/villas-de-la-tijera/-x1f3e1--casa-en-coto-con-terreno-excedente-en-villas-de-la-tijera-tlajomulco-x1f3e1/147014839,"ğŸ¡ Â¡Casa en Coto con Terreno Excedente en Villas de La Tijera, Tlajomulco! ğŸ¡","ventaMN 1,900,000",,,1,,2,2,,"126 Privada del guayabo,  Villas de La Tijera, Tlajomulco de ZÃºÃ±iga"
https://www.vivanuncios.com.mx/a-venta-casa/bosques-de-santa-anita/casa-en-el-eden/146565654,Casa en El EdÃ©n,"ventaMN 5,290,000",130Â²,183Â²,3,2,2,3,,"El EdÃ©n,  Bosques de Santa Anita, Tlajomulco de ZÃºÃ±iga"
https://www.vivanuncios.com.mx/a-venta-casa/bosques-de-santa-anita/casa-en-venta-en-el-fraccionamiento-vicenza-tlajomulco-de-zuniga/146143198,Casa en Venta en El Fraccionamiento Vicenza Tlajomulco de ZuÃ±iga,"ventaMN 2,700,000",,,2,1,2,2,3,"Vicenza Tlajomulco de ZuÃ±iga,  Bosques de Santa Anita, Tlajomulco de ZÃºÃ±iga"
https://www.vivanuncios.com.mx/a-venta-casa/bosques-de-santa-anita/casa-en-venta-en-el-fraccionamiento-vicenza-tlajomulco-de-zuniga/146143192,Casa en Venta en El Fraccionamiento Vicenza Tlajomulco de ZuÃ±iga,"ventaMN 2,700,000",,,2,1,2,2,3,"Vicenza Tlajomulco de ZuÃ±iga,  Bosques de Santa Anita, Tlajomulco de ZÃºÃ±iga"
https://www.vivanuncios.com.mx/a-venta-casa/lomas-de-san-agustin/casa-con-3-recamaras-25-banos-y-acceso-a-areas-comunes/147014769,"Casa con 3 RecÃ¡maras, 2.5 BaÃ±os y Acceso a Ãreas Comunes","ventaMN 2,626,980",90Â²,116Â²,2,,2,3,,"514 Cam. a La Pedrera,  Lomas de San Agustin, Tlajomulco de ZÃºÃ±iga"
https://www.vivanuncios.com.mx/a-venta-casa/san-agustin/casa-en-venta/147073671,Casa en Venta,"ventaMN 2,919,000",90Â²,124Â²,2,1,2,3,,"Casa EN Venta EN SAN Agustin Residencial, Tlajomulco,  San AgustÃ­n, Tlajomulco de ZÃºÃ±iga"
https://www.vivanuncios.com.mx/a-venta-casa/fraccionamiento-nueva-galicia-residencial/casa-moderna-en-nueva-galicia-con-excelentes-amenidades/146501026,Casa Moderna en Nueva Galicia con Excelentes Amenidades,"ventaMN 5,780,000",160Â²,270Â²,2,1,2,3,6,"Nueva Galicia,  Fraccionamiento Nueva Galicia Residencial, Tlajomulco de ZÃºÃ±iga"
https://www.vivanuncios.com.mx/a-venta-casa/pontevedra/fraccionamiento-pontevedra-casas-en-venta/146059457,Fraccionamiento Pontevedra - Casas en Venta,"ventaMN 3,380,890",102Â²,115Â²,2,1,2,3,,"Pontevedra,  Pontevedra, Tlajomulco de ZÃºÃ±iga"
https://www.vivanuncios.com.mx/a-venta-casa/san-agustin/casa-en-venta-katania-residencial-modelo-etna/144842287,"Casa en Venta Katania Residencial, Modelo Etna","ventaMN 5,399,000",140Â²,193Â²,2,2,2,3,,"Av. Camino Real a Colima 1050, 45645 San AgustÃ­n, Jal.,  San AgustÃ­n, Tlajomulco de ZÃºÃ±iga"
https://www.vivanuncios.com.mx/a-venta-casa/el-palomar/casa-en-condominio-en-el-palomar-secc-balcones-tlajomulco-de-zuniga/144617513,"Casa en Condominio en El Palomar Secc Balcones, Tlajomulco de ZÃºÃ±iga","ventaMN 12,800,000",657Â²,657Â²,4,1,3,4,15,"Rinconada del Arco,  El Palomar, Tlajomulco de ZÃºÃ±iga"
https://www.vivanuncios.com.mx/a-venta-casa/pontevedra/casa-fraccionamiento-pontevedra/145985572,Casa - Fraccionamiento Pontevedra,"ventaMN 2,875,790",102Â²,115Â²,2,1,2,3,,"Casa Modelo Plumbago,  Pontevedra, Tlajomulco de ZÃºÃ±iga"
https://www.vivanuncios.com.mx/a-venta-casa/tlajomulco-de-zuniga/casa-en-venta-en-alta-california-tlajomulco-de-zuniga-jalisco/147015116,"Casa en Venta en Alta California, Tlajomulco de ZÃºÃ±iga Jalisco.","ventaMN 1,850,000",75Â²,78Â²,2,,2,3,,"Coto 8 Nevada, San Marcos,  Tlajomulco de ZÃºÃ±iga, Jalisco"
https://www.vivanuncios.com.mx/a-venta-casa/fraccionamiento-real-del-valle/casa-en-venta-en-coto-el-marquez-real-del-valle-tlajomulco-jalisco/146676910,"Casa en Venta en Coto El Marquez, Real del Valle Tlajomulco Jalisco.","ventaMN 1,995,000",108Â²,110Â²,2,1,2,3,,"Valles del Marquez Fraccionamiento Real del Valle al 1100,  Fraccionamiento Real Del Valle, Tlajomulco de ZÃºÃ±iga"
https://www.vivanuncios.com.mx/a-venta-casa/tlajomulco-de-zuniga/casa-en-solum/145897111,Casa en Solum,"ventaMN 1,710,000",90Â²,75Â²,1,1,,2,,"Solum,  Tlajomulco de ZÃºÃ±iga, Jalisco"
https://www.vivanuncios.com.mx/a-venta-casa/pueblo-cajititlan/hermosa-casa-nueva-con-vista-panoramica-a-laguna-de-cajititlan/147087480,Hermosa Casa Nueva con Vista PanorÃ¡mica a Laguna de CajititlÃ¡n,"ventaMN 6,900,000",700Â²,400Â²,6,,3,4,,"CajititlÃ¡n,  Pueblo CajititlÃ¡n, Tlajomulco de ZÃºÃ±iga"
https://www.vivanuncios.com.mx/a-venta-casa/fraccionamiento-el-alcazar-casa-fuerte/casa-en-venta-en-fracc-el-alcazar-tlajomulco-de-zuniga/144529724,Casa en Venta en Fracc. El AlcÃ¡zar Tlajomulco de ZÃºÃ±iga,"ventaMN 5,350,000",282Â²,193Â²,2,1,,3,,"Casa en Venta en Fracc. El Acazar (casa Fuerte) Tlajomulco de ZuÃ±iga,  Fraccionamiento El AlcÃ¡zar (Casa Fuerte), Tlajomulco de ZÃºÃ±iga"
https://www.vivanuncios.com.mx/a-venta-casa/real-del-sol/casa-de-3-recamaras-25-banos-y-patio/147014469,"Casa de 3 RecÃ¡maras, 2.5 BaÃ±os y Patio","ventaMN 2,023,000",89Â²,99Â²,2,,2,3,,"SN Camino a Agua Amarilla,  Real del Sol, Tlajomulco de ZÃºÃ±iga"
https://www.vivanuncios.com.mx/a-venta-casa/el-palomar/el-palomar/143574577,El Palomar,"ventaMN 32,000,000",1690Â²,750Â²,4,,,4,10,"EL Palomar,  El Palomar, Tlajomulco de ZÃºÃ±iga"
https://www.vivanuncios.com.mx/a-venta-casa/fraccionamiento-el-alcazar-casa-fuerte/casa-en-casa-fuerte-baluarte/146062487,Casa en Casa Fuerte Baluarte,"ventaMN 5,900,000",160Â²,280Â²,2,2,2,3,,"Casa Fuerte,  Fraccionamiento El AlcÃ¡zar (Casa Fuerte), Tlajomulco de ZÃºÃ±iga"
https://www.vivanuncios.com.mx/a-venta-casa/tlajomulco-de-zuniga/casa-en-adamar/145348041,Casa en Adamar,"ventaMN 3,800,000",123Â²,123Â²,2,1,2,3,,"Adamar,  Tlajomulco de ZÃºÃ±iga, Jalisco"
https://www.vivanuncios.com.mx/a-venta-casa/fraccionamiento-senderos-de-monte-verde/casa-fraccionamiento-senderos-de-monte-verde/146371917,Casa - Fraccionamiento Senderos de Monte Verde,"ventaMN 3,100,000",120Â²,160Â²,2,1,2,3,8,"Sendero de los Huertos al 100,  Fraccionamiento Senderos de Monte Verde, Tlajomulco de ZÃºÃ±iga"
https://www.vivanuncios.com.mx/a-venta-casa/san-agustin/casa-en-orbara-camino-a-las-moras/145348070,Casa en Orbara Camino a Las Moras,"ventaMN 7,000,000",,,4,1,,4,,"Orbara Camino las Moras,  San AgustÃ­n, Tlajomulco de ZÃºÃ±iga"
https://www.vivanuncios.com.mx/a-venta-casa/el-palomar/casa-en-venta-fraccionamiento-las-villas-el-palomar/146481623,"Casa en Venta Fraccionamiento Las Villas, El Palomar","ventaMN 5,500,000",140Â²,184Â²,,,,,,"Av. LÃ³pez Mateos Sur 1450,  El Palomar, Tlajomulco de ZÃºÃ±iga"
https://www.vivanuncios.com.mx/a-venta-casa/tlajomulco-de-zuniga/venta-de-casa-en-condominio-belcanto/147014004,Venta de Casa en Condominio Belcanto,"ventaMN 1,750,000",80Â²,81Â²,2,,2,3,,"434 CIRCUITO FASCIA,  Tlajomulco de ZÃºÃ±iga, Jalisco"
https://www.vivanuncios.com.mx/a-venta-casa/colinas-de-cajititlan/casa-colinas-de-cajititlan/145311628,Casa - Colinas de Cajititlan,"ventaMN 14,000,000",900Â²,900Â²,4,2,2,6,6,"Fraccionamiento Tres Reyes de CajititlÃ¡n,  Colinas de CajititlAn, Tlajomulco de ZÃºÃ±iga"
https://www.vivanuncios.com.mx/a-venta-casa/casa-fuerte/casa-en-casa-fuerte/146565639,Casa en Casa Fuerte,"ventaMN 4,900,000",159Â²,180Â²,4,,3,3,,"Casa Fuerte,  Casa Fuerte, Tlajomulco de ZÃºÃ±iga"
https://www.vivanuncios.com.mx/a-venta-casa/fraccionamiento-el-alcazar-casa-fuerte/se-vende-casa-en-casa-fuerte/146855251,Se Vende Casa en Casa Fuerte,"ventaMN 5,200,000",140Â²,140Â²,4,,2,3,,"BastiÃ³n,  Fraccionamiento El AlcÃ¡zar (Casa Fuerte), Tlajomulco de ZÃºÃ±iga"
https://www.vivanuncios.com.mx/a-venta-casa/san-agustin/casa-en-paraje-casas-de-autor/145859330,Casa en Paraje Casas de Autor,"ventaMN 6,250,000",140Â²,140Â²,3,,2,3,,"Paraje Casas de Autor,  San AgustÃ­n, Tlajomulco de ZÃºÃ±iga"
https://www.vivanuncios.com.mx/a-venta-casa/colinas-de-cajititlan/casa-con-vista-panoramica-a-la-laguna-de-cajititlan/146612249,Casa con Vista PanorÃ¡mica a La Laguna de CajititlÃ¡n,"ventaMN 2,900,000",2400Â²,132Â²,2,,,2,15,"cajititlan,  Colinas de CajititlAn, Tlajomulco de ZÃºÃ±iga"
https://www.vivanuncios.com.mx/a-venta-casa/tlajomulco-de-zuniga/casa-en-venta-en-tlajomulco-de-zuniga-jalisco/147014604,"Casa en Venta en Tlajomulco de ZuÃ±iga, Jalisco","ventaMN 6,800,000",,,3,,4,3,,"Vuelo de las grullas #200,  Tlajomulco de ZÃºÃ±iga, Jalisco"
https://www.vivanuncios.com.mx/a-venta-casa/fraccionamiento-senderos-de-monte-verde/casa-en-venta-en-fraccionamiento-senderos-de-monteverde/146846414,Casa en Venta en Fraccionamiento Senderos de Monteverde,"ventaMN 2,950,000",140Â²,190Â²,2,1,2,2,8,"Boulevard Senderos de Monte Verde,  Fraccionamiento Senderos de Monte Verde, Tlajomulco de ZÃºÃ±iga"
https://www.vivanuncios.com.mx/a-venta-casa/pontevedra/casa-fraccionamiento-pontevedra/145985577,Casa - Fraccionamiento Pontevedra,"ventaMN 2,563,742",102Â²,100Â²,2,1,2,3,,"Casa Modelo Malva,  Pontevedra, Tlajomulco de ZÃºÃ±iga"
https://www.vivanuncios.com.mx/a-venta-casa/pedregal-de-san-miguel/casa-en-venta-dentro-del-pedregal-tlajomulco-de-zuniga/147014897,"Casa en Venta Dentro del Pedregal, Tlajomulco de ZuÃ±iga.","ventaMN 5,100,000",403Â²,391Â²,3,,3,2,,"44 SAN JUAN,  Pedregal de San Miguel, Tlajomulco de ZÃºÃ±iga"
https://www.vivanuncios.com.mx/a-venta-casa/fraccionamiento-real-del-valle/casa-en-venta-real-del-valle/146426694,Casa en Venta Real del Valle,"ventaMN 1,380,000",70Â²,65Â²,1,1,1,3,15,"Valle de San JosÃ© 10154,  Fraccionamiento Real Del Valle, Tlajomulco de ZÃºÃ±iga"
https://www.vivanuncios.com.mx/a-venta-casa/fraccionamiento-el-alcazar-casa-fuerte/casa-en-fracc-el-alcazar-casa-fuerte-tlajomulco-de-zuniga/144531826,Casa en Fracc. El AlcÃ¡zar (Casa Fuerte) Tlajomulco de ZÃºÃ±iga,"ventaMN 8,300,000",297Â²,302Â²,3,1,,3,,"Casa en Venta en Fracc. El Alcazar (casa Fuerte) Tlajomulco de ZuÃ±iga,  Fraccionamiento El AlcÃ¡zar (Casa Fuerte), Tlajomulco de ZÃºÃ±iga"
https://www.vivanuncios.com.mx/a-venta-casa/san-agustin/casa-a-la-venta-en-paraje-las-grullas/146095979,Casa a La Venta en Paraje Las Grullas,"ventaMN 6,800,000",189Â²,197Â²,4,1,4,4,,"Se Vende Casa en Paraje Las Grullas, San AgustÃ­n, Tlajomulco,  San AgustÃ­n, Tlajomulco de ZÃºÃ±iga"
https://www.vivanuncios.com.mx/a-venta-casa/lomas-de-san-agustin/casa-en-venta-con-3-recamaras-3-banos-y-amenidades/147014279,"Casa en Venta con 3 RecÃ¡maras, 3 BaÃ±os y Amenidades","ventaMN 2,453,500",90Â²,106Â²,3,,2,3,,"514 Cam. a La Pedrera,  Lomas de San Agustin, Tlajomulco de ZÃºÃ±iga"
https://www.vivanuncios.com.mx/a-venta-casa/bosques-de-santa-anita/casa-en-venta-3-recamaras-jardin-y-cocina-equipada/147015106,"Casa en Venta â€“ 3 RecÃ¡maras, JardÃ­n y Cocina Equipada","ventaMN 3,280,000",100Â²,140Â²,2,,2,3,,"100 Calle Vicenza,  Bosques de Santa Anita, Tlajomulco de ZÃºÃ±iga"
https://www.vivanuncios.com.mx/a-venta-casa/lomas-de-san-agustin/casa-en-venta-fracc-adamar-tlajomulco-de-zuniga-jalisco/147014199,"Casa en Venta Fracc Adamar Tlajomulco de ZuÃ±iga, Jalisco","ventaMN 3,400,000",,,3,,1,3,,"872 Av. Adamar Traccion 2,  Lomas de San Agustin, Tlajomulco de ZÃºÃ±iga"
https://www.vivanuncios.com.mx/a-venta-casa/bosques-de-santa-anita/venta-de-casa-en-bosques-california-atras-de-galerias-de-santa-anita/147014694,Venta de Casa en Bosques California AtrÃ¡s de Galerias de Santa Anita,"ventaMN 4,750,000",96Â²,143Â²,3,,2,3,,"SN ENRIQUE LIMON DIAZ,  Bosques de Santa Anita, Tlajomulco de ZÃºÃ±iga"
https://www.vivanuncios.com.mx/a-venta-casa/bosques-de-santa-anita/casa-en-venta-en-bosques-santa-anita-tlajomulco-de-zuniga-jalisco/147015058,"Casa en Venta en Bosques Santa Anita, Tlajomulco de ZuÃ±iga, Jalisco.","ventaMN 2,899,000",100Â²,127Â²,,,2,,,"1100 Vicenza Residencial,  Bosques de Santa Anita, Tlajomulco de ZÃºÃ±iga"
https://www.vivanuncios.com.mx/a-venta-casa/fraccionamiento-del-pilar-residencial/casa-en-venta/146268072,Casa en Venta,"ventaMN 5,435,000",200Â²,200Â²,3,,2,4,10,"Arbucias no. 25,  Fraccionamiento Del Pilar Residencial, Tlajomulco de ZÃºÃ±iga"
https://www.vivanuncios.com.mx/a-venta-casa/casa-fuerte/casa-en-casa-fuerte/146551098,Casa en Casa Fuerte,"ventaMN 5,760,000",178Â²,216Â²,4,,3,4,,"Casa Fuerte,  Casa Fuerte, Tlajomulco de ZÃºÃ±iga"
https://www.vivanuncios.com.mx/a-venta-casa/fraccionamiento-los-cantaros/casa-en-venta-en-los-cantaros-tlajomulco-de-zuniga-jalisco/147014509,"Casa en Venta en Los Cantaros, Tlajomulco de ZuÃ±iga, Jalisco *","ventaMN 1,020,000",60Â²,60Â²,,,1,2,,"1221 Av. de las Aves,  Fraccionamiento Los Cantaros, Tlajomulco de ZÃºÃ±iga"
https://www.vivanuncios.com.mx/a-venta-casa/san-agustin/casa-en-venta-katania-residencial-modelo-granita/144843523,"Casa en Venta Katania Residencial, Modelo Granita","ventaMN 5,499,000",140Â²,206Â²,3,1,,3,,"Av. Camino Real a Colima 1050, 45645 San AgustÃ­n, Jal.,  San AgustÃ­n, Tlajomulco de ZÃºÃ±iga"
https://www.vivanuncios.com.mx/a-venta-casa/bosques-de-santa-anita/casa-en-venta-en-bosques-de-santa-anita-nuevo-desarrollo-atras-de-galerias-de-santa-anita/147014496,Casa en Venta en Bosques de Santa Anita Nuevo Desarrollo AtrÃ¡s de Galerias de Santa Anita,"ventaMN 5,950,000",112Â²,173Â²,3,,2,3,,"sn ENRIQUE LIMON DIAZ,  Bosques de Santa Anita, Tlajomulco de ZÃºÃ±iga"
https://www.vivanuncios.com.mx/a-venta-casa/fraccionamiento-sendero-las-moras/moderna-casa-en-venta-en-fraccionamiento-diseno-vanguardista/146884554,Moderna Casa en Venta en Fraccionamiento â€” DiseÃ±o Vanguardista,"ventaMN 5,750,000",240Â²,240Â²,3,1,3,3,,"Sendero de las Moras,  Fraccionamiento Sendero las Moras, Tlajomulco de ZÃºÃ±iga"
https://www.vivanuncios.com.mx/a-venta-casa/fraccionamiento-el-alcazar-casa-fuerte/casa-en-casa-fuerte/146323079,Casa en Casa Fuerte,"ventaMN 4,350,000",140Â²,185Â²,4,,2,4,,"Casa Fuerte,  Fraccionamiento El AlcÃ¡zar (Casa Fuerte), Tlajomulco de ZÃºÃ±iga"
https://www.vivanuncios.com.mx/a-venta-casa/bosques-de-santa-anita/casa-en-venta-3-recamaras-jardin-y-cocina-equipada/147014913,"Casa en Venta â€“ 3 RecÃ¡maras, JardÃ­n y Cocina Equipada","ventaMN 3,328,000",100Â²,141Â²,2,,2,3,,"100 Calle Vicenza,  Bosques de Santa Anita, Tlajomulco de ZÃºÃ±iga"
https://www.vivanuncios.com.mx/a-venta-casa/bosques-de-santa-anita/venta-de-casa-en-privada-santa-anita-en-bosques-de-santa-anita-en-tlajomulco/147014650,Venta de Casa en Privada Santa Anita en Bosques de Santa Anita en Tlajomulco.,"ventaMN 3,980,000",144Â²,172Â²,3,,,4,,"101 ximar,  Bosques de Santa Anita, Tlajomulco de ZÃºÃ±iga"
https://www.vivanuncios.com.mx/a-venta-casa/lomas-de-santa-anita/exclusiva-casa-estilo-toscano-en-lomas-de-santa-anita-jal/146978048,"Exclusiva Casa Estilo Toscano en Lomas de Santa Anita, Jal","ventaMN 15,000,000",985Â²,550Â²,4,2,5,4,,"Paseo Vista Hermosa Norte, No. 33. Tlajomulco de ZuÃ±iga, Jalisco. 33,  Lomas de Santa Anita, Tlajomulco de ZÃºÃ±iga"
https://www.vivanuncios.com.mx/a-venta-casa/lomas-de-san-agustin/casa-con-roof-garden-recamara-principal-en-tercer-nivel/147014666,"Casa con Roof Garden, RecÃ¡mara Principal en Tercer Nivel","ventaMN 2,817,980",90Â²,140Â²,3,,2,3,,"514 Cam. a La Pedrera,  Lomas de San Agustin, Tlajomulco de ZÃºÃ±iga"
https://www.vivanuncios.com.mx/a-venta-casa/bosques-de-santa-anita/casa-en-venta-en-bosques-california-atras-de-galerias-de-santa-anita/147014335,Casa en Venta en Bosques California AtrÃ¡s de Galerias de Santa Anita,"ventaMN 4,750,000",96Â²,140Â²,3,,2,3,,"SN ENRIQUE LIMON DIAZ,  Bosques de Santa Anita, Tlajomulco de ZÃºÃ±iga"
https://www.vivanuncios.com.mx/a-venta-casa/pueblo-san-miguel-cuyutlan/casa-en-san-miguel-coyutlan/144816579,Casa en San Miguel Coyutlan,"ventaMN 5,300,000",1110000Â²,360Â²,4,,4,3,5,"san Lucas  36,  Pueblo San Miguel Cuyutlan, Tlajomulco de ZÃºÃ±iga"
https://www.vivanuncios.com.mx/a-venta-casa/bosques-de-santa-anita/casa-en-venta-en-coto-albazur-en-santa-anita-tlajomulco-de-zuniga/147014548,"Casa en Venta en Coto Albazur en Santa Anita, Tlajomulco de ZuÃ±iga.","ventaMN 4,580,000",118Â²,171Â²,2,,2,3,,"225 circuito alba,  Bosques de Santa Anita, Tlajomulco de ZÃºÃ±iga"
https://www.vivanuncios.com.mx/a-venta-casa/fraccionamiento-cortijo-de-san-agustin/hermosa-casa-con-vistas-panoramicas-al-sur/40007130,Hermosa Casa con Vistas Panoramicas Al Sur,"ventaMN 1,850,000",100Â²,90Â²,1,1,2,2,6,"Av. RÃ­o Altara 100,  Fraccionamiento Cortijo de San Agustin, Tlajomulco de ZÃºÃ±iga"
https://www.vivanuncios.com.mx/a-venta-casa/bosques-de-santa-anita/casa-en-venta-de-bosques-de-santa-anita-tlajomulco-de-zuniga/147014613,"Casa en Venta de Bosques de Santa Anita, Tlajomulco de ZuÃ±iga","ventaMN 2,899,000",100Â²,,2,,2,3,,"VICENZA,  Bosques de Santa Anita, Tlajomulco de ZÃºÃ±iga"
https://www.vivanuncios.com.mx/a-venta-casa/fraccionamiento-cortijo-de-san-agustin/casa-en-venta-nueva-en-cortijo-san-agustin-tlajomulco/146708310,Casa en Venta Nueva en Cortijo San Agustin Tlajomulco,"ventaMN 3,400,000",175Â²,230Â²,3,1,1,2,,"Cortijo SAN Agustin,  Fraccionamiento Cortijo de San Agustin, Tlajomulco de ZÃºÃ±iga"
https://www.vivanuncios.com.mx/a-venta-casa/casa-fuerte/casa-en-casa-fuerte/146776743,Casa en Casa Fuerte,"ventaMN 6,200,000",170Â²,226Â²,3,,3,4,,"Casa Fuerte,  Casa Fuerte, Tlajomulco de ZÃºÃ±iga"
https://www.vivanuncios.com.mx/a-venta-casa/fraccionamiento-real-del-valle/casa-en-venta-en-real-del-valle-coto-sirona/146644157,Casa en Venta en Real del Valle Coto Sirona,"ventaMN 2,360,000",99Â²,147Â²,2,1,2,3,10,"Casa EN Venta EN Real DEL Valle Coto Sirona,  Fraccionamiento Real Del Valle, Tlajomulco de ZÃºÃ±iga"
https://www.vivanuncios.com.mx/a-venta-casa/casa-fuerte/hermosa-casa-en-venta-nueva/146671339,Hermosa Casa en Venta Nueva,"ventaMN 4,800,000",197Â²,206Â²,2,1,2,4,,"Casa Fuerte,  Casa Fuerte, Tlajomulco de ZÃºÃ±iga"
https://www.vivanuncios.com.mx/a-venta-casa/el-palomar/residencia-en-venta-el-palomar/144617677,Residencia en Venta El Palomar,"ventaMN 11,990,000",870Â²,870Â²,4,1,4,4,18,"Rinconada del BalcÃ³n,  El Palomar, Tlajomulco de ZÃºÃ±iga"
https://www.vivanuncios.com.mx/a-venta-casa/real-del-sol/casa-nueva-de-2-recamaras-patio-y-cochera/147014243,"Casa Nueva de 2 RecÃ¡maras, Patio y Cochera","ventaMN 1,740,000",90Â²,75Â²,1,,2,2,,"SN Camino a Agua Amarilla,  Real del Sol, Tlajomulco de ZÃºÃ±iga"
https://www.vivanuncios.com.mx/a-venta-casa/san-agustin/casa-en-paraje-santa-anita/146855253,Casa en Paraje Santa Anita,"ventaMN 6,496,000",140Â²,140Â²,4,1,2,3,,"Paraje Casas de Autor,  San AgustÃ­n, Tlajomulco de ZÃºÃ±iga"
https://www.vivanuncios.com.mx/a-venta-casa/fraccionamiento-del-pilar-residencial/casa-en-fracc-del-piilar/146493817,Casa en Fracc. del Piilar,"ventaMN 6,700,000",231Â²,256Â²,5,,,3,5,"DEL Pilar Residencial - SAN Agustin,  Fraccionamiento Del Pilar Residencial, Tlajomulco de ZÃºÃ±iga"
https://www.vivanuncios.com.mx/a-venta-casa/tlajomulco-de-zuniga/casa-en-venta-en-alta-california-tlajomulco/147014207,"Casa en Venta, en Alta California, Tlajomulco.","ventaMN 2,700,000",105Â²,127Â²,2,,2,3,,"santa cruz,  Tlajomulco de ZÃºÃ±iga, Jalisco"
https://www.vivanuncios.com.mx/a-venta-casa/san-agustin/casa-en-venta-katania-residencial-modelo-litrou/144843344,"Casa en Venta Katania Residencial, Modelo Litrou","ventaMN 5,499,000",140Â²,196Â²,2,2,4,3,,"Av. Camino Real a Colima 1050, 45645 San AgustÃ­n, Jal.,  San AgustÃ­n, Tlajomulco de ZÃºÃ±iga"
https://www.vivanuncios.com.mx/a-venta-casa/el-palomar/casa-en-el-palomar-en-la-zona-sur/146336873,"Casa en El Palomar, en La Zona Sur","ventaMN 38,000,000",1560Â²,1000Â²,5,3,12,5,15,"Casa EN EL Palomar EN LA Zona SUR,  El Palomar, Tlajomulco de ZÃºÃ±iga"
https://www.vivanuncios.com.mx/a-venta-casa/santa-anita/casas-en-el-origen/145348033,Casas en El Origen,"ventaMN 3,590,000",102Â²,102Â²,2,1,2,3,,"El Origen,  Santa Anita, Tlajomulco de ZÃºÃ±iga"
https://www.vivanuncios.com.mx/a-venta-casa/tlajomulco-de-zuniga/casa-en-adamar/144450967,Casa en Adamar,"ventaMN 3,800,000",123Â²,170Â²,3,,2,3,,"Adamar,  Tlajomulco de ZÃºÃ±iga, Jalisco"
https://www.vivanuncios.com.mx/a-venta-casa/fraccionamiento-senderos-de-monte-verde/estrena-o-invierte/145030911,Estrena o Invierte!,"ventaMN 4,950,000",325Â²,205Â²,3,,2,4,,"Sendero de los robles,  Fraccionamiento Senderos de Monte Verde, Tlajomulco de ZÃºÃ±iga"
https://www.vivanuncios.com.mx/a-venta-casa/bosques-de-santa-anita/casa-en-triventi/146776742,Casa en Triventi,"ventaMN 4,250,000",133Â²,176Â²,3,1,2,4,,"Triventi,  Bosques de Santa Anita, Tlajomulco de ZÃºÃ±iga"
https://www.vivanuncios.com.mx/a-venta-casa/fraccionamiento-el-alcazar-casa-fuerte/casa-en-casa-fuerte/146062478,Casa en Casa Fuerte,"ventaMN 4,350,000",140Â²,140Â²,4,,2,3,,"Casa Fuerte,  Fraccionamiento El AlcÃ¡zar (Casa Fuerte), Tlajomulco de ZÃºÃ±iga"
https://www.vivanuncios.com.mx/a-venta-casa/tlajomulco-de-zuniga/smart-home-en-coto-por-prol-8-de-julio-a-12-min-de-periferico/146015219,"Smart Home en Coto por Prol. 8 de Julio, a 12 Min de PerifÃ©rico","ventaMN 1,769,000",96Â²,78Â²,2,,2,3,,"Morelos 950, Residencial San Miguel, 45650 Hacienda San Miguel, Jal.,  Tlajomulco de ZÃºÃ±iga, Jalisco"
https://www.vivanuncios.com.mx/a-venta-casa/san-agustin/a-estrenar-casa-en-cortijo-san-agustin/146332930,A Estrenar Casa en Cortijo San AgustÃ­n,"ventaMN 3,690,000",,163Â²,3,1,2,3,,"Paseo del Cortijo 244,  San AgustÃ­n, Tlajomulco de ZÃºÃ±iga"
https://www.vivanuncios.com.mx/a-venta-casa/tlajomulco-de-zuniga/casa-en-venta-el-club-de-golf-santa-anita/147014127,Casa en Venta El Club de Golf Santa Anita,"ventaMN 16,900,000",975Â²,387Â²,3,,4,4,,"Guadalajara-Morelia Km 6.5, Campo de Golf Santa Anita Condominio,  Tlajomulco de ZÃºÃ±iga, Jalisco"
https://www.vivanuncios.com.mx/a-venta-casa/san-agustin/casa-en-paraje-casas-de-autor/145348071,Casa en Paraje Casas de Autor,"ventaMN 6,384,000",160Â²,232Â²,2,1,,3,,"Paraje Casas de Autor,  San AgustÃ­n, Tlajomulco de ZÃºÃ±iga"
https://www.vivanuncios.com.mx/a-venta-casa/fraccionamiento-la-arbolada/casa-en-la-alboreda/146883788,Casa en La Alboreda,"ventaMN 2,038,000",80Â²,94Â²,2,1,2,3,,"Arboleda Topacio,  Fraccionamiento La Arbolada, Tlajomulco de ZÃºÃ±iga"
https://www.vivanuncios.com.mx/a-venta-casa/bosques-de-santa-anita/casa-en-venta-en-bosques-de-santa-anita-tlajomulco-de-zuniga-jalisco/147014875,"Casa en Venta en Bosques de Santa Anita, Tlajomulco de ZÃºÃ±iga, Jalisco.","ventaMN 3,749,000",155Â²,135Â²,2,,2,3,,"25 Vicenza Residencial,  Bosques de Santa Anita, Tlajomulco de ZÃºÃ±iga"
https://www.vivanuncios.com.mx/a-venta-casa/santa-cruz-de-las-flores/venta-casa-en-santa-cruz-de-las-flores/144963037,Venta Casa en Santa Cruz de Las Flores,"ventaMN 9,000,000",1000Â²,220Â²,4,,4,3,10,"Avenida Las Flores 8,  Santa Cruz de las Flores, Tlajomulco de ZÃºÃ±iga"
https://www.vivanuncios.com.mx/a-venta-casa/tlajomulco-de-zuniga/casa-en-fraccionamiento-vicenza-residencial/145897073,Casa en Fraccionamiento Vicenza Residencial,"ventaMN 3,060,073",140Â²,140Â²,3,1,2,3,,"Napoli,  Tlajomulco de ZÃºÃ±iga, Jalisco"
https://www.vivanuncios.com.mx/a-venta-casa/fraccionamiento-bosque-real/casa-nueva-en-venta-en-bosque-real-santa-anita-fraccionamiento-privado-con-seguridad-y-alberca/147015176,"Casa Nueva en Venta en Bosque Real Santa Anita, Fraccionamiento Privado con Seguridad y Alberca","ventaMN 4,350,000",136Â²,181Â²,3,,2,3,,"22 loma de los cedros,  Fraccionamiento Bosque Real, Tlajomulco de ZÃºÃ±iga"
https://www.vivanuncios.com.mx/a-venta-casa/tlajomulco-de-zuniga/venta-casa-2-plantas/146833325,Venta Casa 2 Plantas,"ventaMN 1,600,000",160Â²,140Â²,2,,1,5,19,"Loma Verde Oriente,  Tlajomulco de ZÃºÃ±iga, Jalisco"
https://www.vivanuncios.com.mx/a-venta-casa/casa-fuerte/casa-en-casa-fuerte/146506811,Casa en Casa Fuerte,"ventaMN 6,300,000",273Â²,247Â²,4,,3,4,,"Casa Fuerte,  Casa Fuerte, Tlajomulco de ZÃºÃ±iga"
https://www.vivanuncios.com.mx/a-venta-casa/tlajomulco-de-zuniga/casa-en-solum/145897080,Casa en Solum,"ventaMN 2,045,000",90Â²,99Â²,2,1,,3,,"Solum,  Tlajomulco de ZÃºÃ±iga, Jalisco"
https://www.vivanuncios.com.mx/a-venta-casa/bosques-de-santa-anita/casa-en-venta-3-recamaras-terraza-y-alberca/147014821,"Casa en Venta â€“ 3 RecÃ¡maras, Terraza y Alberca","ventaMN 3,880,000",100Â²,169Â²,3,,2,3,,"100 Calle Vicenza,  Bosques de Santa Anita, Tlajomulco de ZÃºÃ±iga"
https://www.vivanuncios.com.mx/a-venta-casa/hacienda-la-candelaria/casa-en-venta/143988758,Casa en Venta,"ventaMN 3,140,000",140Â²,172Â²,2,,2,3,18,"Casa EN Venta EN Privanza Residencial, Tlajomulco, Jalisco,  Hacienda La Candelaria, Tlajomulco de ZÃºÃ±iga"
https://www.vivanuncios.com.mx/a-venta-casa/fraccionamiento-el-alcazar-casa-fuerte/casa-en-venta-en-fracc-casa-fuerte-tlajomulco-de-zuniga/147014691,"Casa en Venta en Fracc. Casa Fuerte, Tlajomulco de ZÃºÃ±iga","ventaMN 3,500,000",143Â²,135Â²,3,,2,4,,"193 Fracc. Casa fuerte, coto baluarte,  Fraccionamiento El AlcÃ¡zar (Casa Fuerte), Tlajomulco de ZÃºÃ±iga"
https://www.vivanuncios.com.mx/a-venta-casa/los-mezquites/casa-en-venta/144820518,Casa en Venta.,"ventaMN 1,450,000",96Â²,75Â²,1,1,1,2,13,"Paseo de los Guamuchiles 124,  Los Mezquites, Tlajomulco de ZÃºÃ±iga"
https://www.vivanuncios.com.mx/a-venta-casa/bosques-de-santa-anita/casa-en-venta-en-bosques-de-santa-anita/147014575,Casa en Venta en Bosques de Santa Anita,"ventaMN 5,995,000",253Â²,307Â²,3,,4,3,,"15D Circuito Lomas Altas,  Bosques de Santa Anita, Tlajomulco de ZÃºÃ±iga"
https://www.vivanuncios.com.mx/a-venta-casa/san-agustin/casa-en-paraje-casas-de-autor/145348073,Casa en Paraje Casas de Autor,"ventaMN 6,657,560",140Â²,256Â²,4,2,,3,,"Paraje Casas de Autor,  San AgustÃ­n, Tlajomulco de ZÃºÃ±iga"
https://www.vivanuncios.com.mx/a-venta-casa/pontevedra/moderna-casa-en-venta-zona-santa-anita-coto-privado-con-casa-club/146874887,"Moderna Casa en Venta â€“ Zona Santa Anita, Coto Privado con Casa Club","ventaMN 3,900,000",119Â²,138Â²,3,,2,3,,"Coto Alba #,  Pontevedra, Tlajomulco de ZÃºÃ±iga"
https://www.vivanuncios.com.mx/a-venta-casa/fraccionamiento-real-del-valle/casa-en-venta-en-colonia-real-del-valle-tlajomulco-de-zuniga/145410381,"Casa en Venta en Colonia Real del Valle, Tlajomulco de ZuÃ±iga","ventaMN 1,040,000",120Â²,120Â²,1,,2,3,5,"FUENTE DEL POETA,  Fraccionamiento Real Del Valle, Tlajomulco de ZÃºÃ±iga"
https://www.vivanuncios.com.mx/a-venta-casa/tlajomulco-de-zuniga/casa-de-2-niveles-con-alcoba-en-planta-baja-y-bano-completo-coto-por-av-prol-8-de-julio/146063563,"Casa de 2 Niveles con Alcoba en Planta Baja y BaÃ±o Completo, Coto por Av Prol. 8 de Julio","ventaMN 1,770,000",96Â²,78Â²,2,,2,3,,"Morelos 950, Residencial San Miguel, 45650 Hacienda San Miguel, Jal.,  Tlajomulco de ZÃºÃ±iga, Jalisco"
https://www.vivanuncios.com.mx/a-venta-casa/fraccionamiento-bosque-real/venta-de-casa-en-bosque-real-tlajomulco-de-zuniga/147015063,Venta de Casa en Bosque Real Tlajomulco de ZuÃ±iga,"ventaMN 4,480,000",136Â²,159Â²,2,,2,3,,"23 LOMA DE LOS ENCINOS,  Fraccionamiento Bosque Real, Tlajomulco de ZÃºÃ±iga"
https://www.vivanuncios.com.mx/a-venta-casa/santa-anita/oportunidad-casa-en-el-sur/146381135,Oportunidad Casa en El Sur,"ventaMN 3,300,000",144Â²,144Â²,3,,2,3,10,"Avenida Camino Real a Colima 2700,  Santa Anita, Tlajomulco de ZÃºÃ±iga"
https://www.vivanuncios.com.mx/a-venta-casa/bosques-de-santa-anita/casa-en-el-eden/146855244,Casa en El Eden,"ventaMN 5,350,000",135Â²,205Â²,2,2,2,3,,"El Eden,  Bosques de Santa Anita, Tlajomulco de ZÃºÃ±iga"
https://www.vivanuncios.com.mx/a-venta-casa/casa-fuerte/casa-en-casa-fuerte/146667721,Casa en Casa Fuerte,"ventaMN 5,200,000",140Â²,210Â²,4,1,2,4,,"Casa Fuerte,  Casa Fuerte, Tlajomulco de ZÃºÃ±iga"
https://www.vivanuncios.com.mx/a-venta-casa/fraccionamiento-real-del-valle/casa-en-venta-en-real-del-valle-coto-sirona/146644175,Casa en Venta en Real del Valle Coto Sirona,"ventaMN 2,360,000",99Â²,147Â²,2,1,2,3,10,"Casa EN Venta EN Real DEL Valle Coto Sirona,  Fraccionamiento Real Del Valle, Tlajomulco de ZÃºÃ±iga"
https://www.vivanuncios.com.mx/a-venta-casa/lomas-de-san-agustin/casa-en-venta-fracc-adamar-tlajomulco-de-zuniga-jalisco/147014408,"Casa en Venta Fracc Adamar Tlajomulco de ZuÃ±iga, Jalisco","ventaMN 3,295,000",141Â²,141Â²,3,,2,3,,"872 Av. Adamar TracciÃ³n 2,  Lomas de San Agustin, Tlajomulco de ZÃºÃ±iga"
https://www.vivanuncios.com.mx/a-venta-casa/casa-fuerte/casa-en-venta-en-fraccionamiento-casa-fuerte-oportunidad/144255128,Casa en Venta en Fraccionamiento Casa Fuerte Oportunidad,"ventaMN 5,100,000",200Â²,208Â²,3,,3,4,15,"Paseo el Fuerte 75,  Casa Fuerte, Tlajomulco de ZÃºÃ±iga"
https://www.vivanuncios.com.mx/a-venta-casa/fraccionamiento-nueva-galicia-residencial/casa-en-fraccionamiento-nueva-galicia-residencial/145940761,Casa en Fraccionamiento Nueva Galicia Residencial,"ventaMN 5,000,000",160Â²,270Â²,2,1,2,3,,"Nueva Galicia,  Fraccionamiento Nueva Galicia Residencial, Tlajomulco de ZÃºÃ±iga"
https://www.vivanuncios.com.mx/a-venta-casa/fraccionamiento-el-alcazar-casa-fuerte/casa-en-casa-fuerte/145582978,Casa en Casa Fuerte,"ventaMN 5,900,000",160Â²,160Â²,2,2,2,3,,"Casa Fuerte,  Fraccionamiento El AlcÃ¡zar (Casa Fuerte), Tlajomulco de ZÃºÃ±iga"
https://www.vivanuncios.com.mx/a-venta-casa/san-agustin/casa-en-venta/147073980,Casa en Venta,"ventaMN 2,667,000",90Â²,103Â²,2,1,2,3,,"Casa EN Venta EN SAN Agustin Residencial, Tlajomulco,  San AgustÃ­n, Tlajomulco de ZÃºÃ±iga"
https://www.vivanuncios.com.mx/a-venta-casa/fraccionamiento-el-alcazar-casa-fuerte/casa-en-casa-fuerte/146565648,Casa en Casa Fuerte,"ventaMN 6,300,000",273Â²,247Â²,4,,3,4,,"Casa Fuerte,  Fraccionamiento El AlcÃ¡zar (Casa Fuerte), Tlajomulco de ZÃºÃ±iga"
https://www.vivanuncios.com.mx/a-venta-casa/casa-fuerte/casa-en-casa-fuerte/146855243,Casa en Casa Fuerte,"ventaMN 5,760,000",178Â²,216Â²,4,,3,4,,"Casa Fuerte,  Casa Fuerte, Tlajomulco de ZÃºÃ±iga"
https://www.vivanuncios.com.mx/a-venta-casa/tlajomulco-de-zuniga/casa-en-venta-en-alta-california-tlajomulco-de-zuniga-jalisco/147014526,"Casa en Venta en Alta California, Tlajomulco de ZÃºÃ±iga, Jalisco.","ventaMN 2,500,000",90Â²,110Â²,2,,2,3,,"SAN RAFAEL COTO MALIBU,  Tlajomulco de ZÃºÃ±iga, Jalisco"
https://www.vivanuncios.com.mx/a-venta-casa/tlajomulco-de-zuniga/venta-casa-duplex-planta-baja-tu-hogar-en-fraccionamiento-canadas-del-bosque-tlajomulco/147014758,Venta Casa Duplex. Planta Baja. Tu Hogar en Fraccionamiento CaÃ±adas del Bosque Tlajomulco,"ventaMN 725,000",74Â²,44Â²,1,,1,2,,"550 VILLA MARSELLA,  Tlajomulco de ZÃºÃ±iga, Jalisco"
https://www.vivanuncios.com.mx/a-venta-casa/tlajomulco-de-zuniga/casa-en-solum/145897107,Casa en Solum,"ventaMN 1,823,500",90Â²,83Â²,2,1,2,2,,"Solum,  Tlajomulco de ZÃºÃ±iga, Jalisco"
https://www.vivanuncios.com.mx/a-venta-casa/san-agustin/casa-en-venta-senderos-de-monteverde-totalmente-nueva/146536621,Casa en Venta Senderos de Monteverde Totalmente Nueva!,"ventaMN 4,600,000",123Â²,174Â²,2,2,2,3,,"Senderos de Monte Verde 45646 Tlajomulco de ZÃºÃ±iga,  San AgustÃ­n, Tlajomulco de ZÃºÃ±iga"
https://www.vivanuncios.com.mx/a-venta-casa/san-agustin/casa-a-la-venta-en-paraje-las-grullas/146106662,Casa a La Venta en Paraje Las Grullas,"ventaMN 6,700,000",187Â²,202Â²,4,,4,4,,"Paraje las Grullas, san AgustÃ­n, Tlajomulco,  San AgustÃ­n, Tlajomulco de ZÃºÃ±iga"
https://www.vivanuncios.com.mx/a-venta-casa/fraccionamiento-nueva-galicia-residencial/casa-en-venta/144255590,Casa en Venta,"ventaMN 5,300,000",115Â²,172Â²,2,1,2,3,5,"Casa Remodelada  EN Venta EN Nueva Galicia, Tlajomulco, Jalisco,  Fraccionamiento Nueva Galicia Residencial, Tlajomulco de ZÃºÃ±iga"
https://www.vivanuncios.com.mx/a-venta-casa/fraccionamiento-hacienda-santa-fe/venta-casa-fracc-hacienda-de-santa-fe-tlajomulco/144548317,"Venta Casa Fracc. Hacienda de Santa Fe, Tlajomulco","ventaMN 1,050,000",99Â²,37Â²,1,,1,2,24,"Sierra Alta ,  Fraccionamiento Hacienda Santa Fe, Tlajomulco de ZÃºÃ±iga"
https://www.vivanuncios.com.mx/a-venta-casa/hacienda-concepcion-del-valle/bonita-casa-en-fraccionamiento-privado/147088226,Bonita Casa en Fraccionamiento Privado,"ventaMN 1,600,000",60Â²,113Â²,1,1,1,2,9,"Fraccionamiento punta coral Aqua,  Hacienda ConcepciÃ³n Del Valle, Tlajomulco de ZÃºÃ±iga"
https://www.vivanuncios.com.mx/a-venta-casa/rancho-o-rancheria-san-sebastian-el-grande/venta-de-casas-en-solum-residencial/144617669,Venta de Casas en SÃ³lum Residencial,"ventaMN 1,903,000",90Â²,90Â²,1,1,2,2,,"Av. Jesus Michel Gonzalez,  Rancho o rancheria San SebastiÃ¡n El Grande, Tlajomulco de ZÃºÃ±iga"
https://www.vivanuncios.com.mx/a-venta-casa/san-agustin/casa-en-venta-en-la-rua-residencial-san-agustin-tlajomulco-de-zuniga-jalisco/142176977,Casa en Venta en La Rua Residencial San Agustin Tlajomulco de ZuÃ±iga Jalisco,"ventaMN 4,200,000",120Â²,175Â²,2,2,3,,,"LA RUA Residencial,  San AgustÃ­n, Tlajomulco de ZÃºÃ±iga"
https://www.vivanuncios.com.mx/a-venta-casa/fraccionamiento-bosque-real/casa-en-venta-en-bosque-real-tlajomulco/147014313,"Casa en Venta en Bosque Real, Tlajomulco","ventaMN 3,600,000",136Â²,162Â²,3,,2,3,,"100 Loma Ancha,  Fraccionamiento Bosque Real, Tlajomulco de ZÃºÃ±iga"
https://www.vivanuncios.com.mx/a-venta-casa/tlajomulco-de-zuniga/casa-en-venta-en-alta-california/146006488,Casa en Venta en Alta California,"ventaMN 2,980,000",117Â²,130Â²,2,1,2,3,5,"Fraccionamiento Alta California  Tlajomulco de ZuÃ±iga,  Tlajomulco de ZÃºÃ±iga, Jalisco"
https://www.vivanuncios.com.mx/a-venta-casa/bosques-de-santa-anita/casa-en-paraiso-santa-anita/146565642,Casa en Paraiso Santa Anita,"ventaMN 3,990,000",102Â²,145Â²,2,1,2,3,,"Paraiso Santa Anita,  Bosques de Santa Anita, Tlajomulco de ZÃºÃ±iga"
https://www.vivanuncios.com.mx/a-venta-casa/la-rioja/casa-en-venta-en-fraccionamiento-la-rioja-tlajomulco-de-zuniga-jalisco/147014300,"Casa en Venta en Fraccionamiento La Rioja, Tlajomulco de ZÃºÃ±iga, Jalisco*","ventaMN 9,950,000",287Â²,287Â²,4,,,4,,"Quintanar de la Rioja,  La Rioja, Tlajomulco de ZÃºÃ±iga"
https://www.vivanuncios.com.mx/a-venta-casa/fraccionamiento-senderos-de-monte-verde/casa-en-esquina-en-senderos-de-monteverde/146947052,Casa en Esquina en Senderos de Monteverde,"ventaMN 4,190,000",120Â²,180Â²,3,,2,4,,"Senderos de Monte Verde,  Fraccionamiento Senderos de Monte Verde, Tlajomulco de ZÃºÃ±iga"
https://www.vivanuncios.com.mx/a-venta-casa/bosques-de-santa-anita/casa-en-venta-en-el-fraccionamiento-vicenza-tlajomulco-de-zuniga/146143193,Casa en Venta en El Fraccionamiento Vicenza Tlajomulco de ZuÃ±iga,"ventaMN 2,700,000",,,2,1,2,2,3,"Vicenza Tlajomulco de ZuÃ±iga,  Bosques de Santa Anita, Tlajomulco de ZÃºÃ±iga"
https://www.vivanuncios.com.mx/a-venta-casa/cielo-contry-club/casa-en-preventa-en-el-cielo-country-club-tlajomulco-de-zuniga-jal/147013984,"Casa en Preventa en El Cielo Country Club, Tlajomulco de ZÃºÃ±iga, Jal.","ventaMN 13,800,000",,,3,,2,3,,"693,  Cielo Contry Club, Tlajomulco de ZÃºÃ±iga"
https://www.vivanuncios.com.mx/a-venta-casa/bosques-de-santa-anita/amplia-residencia-en-venta-en-bosques-de-santa-anita/144888974,Amplia Residencia en Venta en Bosques de Santa Anita,"ventaMN 14,000,000",600Â²,440Â²,4,2,4,3,2,"Bosques de Santa Anita,  Bosques de Santa Anita, Tlajomulco de ZÃºÃ±iga"
https://www.vivanuncios.com.mx/a-venta-casa/san-agustin/casa-en-venta/143490670,Casa en Venta,"ventaMN 1,995,000",48Â²,90Â²,1,,2,1,,"Casa EN Venta EN SAN Agustin Residencial, Tlajomulco,  San AgustÃ­n, Tlajomulco de ZÃºÃ±iga"
https://www.vivanuncios.com.mx/a-venta-casa/pontevedra/casa-fraccionamiento-pontevedra/145985270,Casa - Fraccionamiento Pontevedra,"ventaMN 2,977,019",102Â²,116Â²,2,1,2,3,,"Casa Modelo Granate,  Pontevedra, Tlajomulco de ZÃºÃ±iga"
https://www.vivanuncios.com.mx/a-venta-casa/tlajomulco-de-zuniga/casa-en-venta-en-fracc-alta-california-tlajomulco-de-zuniga-jalisco/147014673,"Casa en Venta en Fracc. Alta California, Tlajomulco de ZuÃ±iga, Jalisco.","ventaMN 2,650,000",110Â²,147Â²,2,,2,3,,"20 CHULAVISTA,  Tlajomulco de ZÃºÃ±iga, Jalisco"
https://www.vivanuncios.com.mx/a-venta-casa/casa-fuerte/casa-en-casa-fuerte/146776750,Casa en Casa Fuerte,"ventaMN 4,750,000",170Â²,190Â²,3,1,3,3,,"Casa Fuerte,  Casa Fuerte, Tlajomulco de ZÃºÃ±iga"
https://www.vivanuncios.com.mx/a-venta-casa/san-agustin/casa-en-paraje-casas-de-autor/145348097,Casa en Paraje Casas de Autor,"ventaMN 6,250,000",140Â²,241Â²,3,1,2,3,,"Paraje Casas de Autor,  San AgustÃ­n, Tlajomulco de ZÃºÃ±iga"
https://www.vivanuncios.com.mx/a-venta-casa/tlajomulco-de-zuniga/amplia-casa-con-certificacion-edge-en-coto-por-av-prol-8-de-julio/146015355,"Amplia Casa con CertificaciÃ³n Edge, en Coto por Av Prol. 8 de Julio","ventaMN 2,171,000",96Â²,106Â²,3,,2,3,,"Morelos 950, Residencial San Miguel, 45650 Hacienda San Miguel, Jal. al 900,  Tlajomulco de ZÃºÃ±iga, Jalisco"
https://www.vivanuncios.com.mx/a-venta-casa/casa-fuerte/residencia-en-venta-casa-fuerte/147058507,Residencia en Venta â€“ Casa Fuerte,"ventaMN 4,290,000",158Â²,150Â²,2,1,2,3,4,"Paseo el BastiÃ³n Nte.,  Casa Fuerte, Tlajomulco de ZÃºÃ±iga"
https://www.vivanuncios.com.mx/a-venta-casa/fraccionamiento-el-alcazar-casa-fuerte/casa-fraccionamiento-el-alcazar-casa-fuerte/145859333,Casa - Fraccionamiento El AlcÃ¡zar (Casa Fuerte),"ventaMN 4,350,000",140Â²,183Â²,4,,2,4,,"Casa Fuerte 1,  Fraccionamiento El AlcÃ¡zar (Casa Fuerte), Tlajomulco de ZÃºÃ±iga"
https://www.vivanuncios.com.mx/a-venta-casa/tlajomulco-de-zuniga/casa-en-venta-en-punto-sur-tlajomulco-de-zuniga-jalisco/147014586,"Casa en Venta en Punto Sur, Tlajomulco de ZuÃ±iga, Jalisco.","ventaMN 6,990,000",160Â²,220Â²,3,,2,4,,"AV PUNTO SUR,  Tlajomulco de ZÃºÃ±iga, Jalisco"
https://www.vivanuncios.com.mx/a-venta-casa/san-agustin/en-venta-casa-residencial-de-oportunidad/146484443,En Venta Casa Residencial de Oportunidad,"ventaMN 2,300,000",,122Â²,2,1,2,3,51,"Blvd. Alta California 1201-int 23,  San AgustÃ­n, Tlajomulco de ZÃºÃ±iga"
https://www.vivanuncios.com.mx/a-venta-casa/bosques-de-santa-anita/casa-en-el-eden/144727711,Casa en El EdÃ©n,"ventaMN 5,290,000",130Â²,183Â²,3,2,2,3,,"El EdÃ©n,  Bosques de Santa Anita, Tlajomulco de ZÃºÃ±iga"
https://www.vivanuncios.com.mx/a-venta-casa/bosques-de-santa-anita/casa-en-venta-4-recamaras-terraza-y-amenidades/147014739,"Casa en Venta â€“ 4 RecÃ¡maras, Terraza y Amenidades","ventaMN 3,900,000",100Â²,170Â²,3,,2,4,,"100 Calle Vicenza,  Bosques de Santa Anita, Tlajomulco de ZÃºÃ±iga"
https://www.vivanuncios.com.mx/a-venta-casa/fraccionamiento-el-alcazar-casa-fuerte/casa-en-casa-fuerte/145749423,Casa en Casa Fuerte,"ventaMN 4,350,000",140Â²,183Â²,4,,2,4,,"Casa Fuerte,  Fraccionamiento El AlcÃ¡zar (Casa Fuerte), Tlajomulco de ZÃºÃ±iga"
https://www.vivanuncios.com.mx/a-venta-casa/balcones-de-la-calera/venta-de-casa-en-balcones-de-la-calera/147014057,Venta de Casa en Balcones de La Calera,"ventaMN 6,200,000",2752Â²,500Â²,3,,8,4,,"41 Avenida Canario,  Balcones de La Calera, Tlajomulco de ZÃºÃ±iga"
https://www.vivanuncios.com.mx/a-venta-casa/tlajomulco-de-zuniga/casa-en-fraccionamiento-el-origen/145348072,Casa en Fraccionamiento El Origen,"ventaMN 3,590,000",150Â²,150Â²,3,,,3,,"el Origen,  Tlajomulco de ZÃºÃ±iga, Jalisco"
https://www.vivanuncios.com.mx/a-venta-casa/tlajomulco-de-zuniga/casa-en-el-origen/145348108,Casa en El Origen,"ventaMN 3,590,000",102Â²,150Â²,,,,,,"el Origen,  Tlajomulco de ZÃºÃ±iga, Jalisco"
https://www.vivanuncios.com.mx/a-venta-casa/tlajomulco-de-zuniga/casa-en-el-origen/145348059,Casa en El Origen,"ventaMN 3,590,000",102Â²,150Â²,2,1,2,3,,"el Origen Bosques de Santa Anita,  Tlajomulco de ZÃºÃ±iga, Jalisco"
https://www.vivanuncios.com.mx/a-venta-casa/tlajomulco-de-zuniga/casa-en-el-origen/145348074,Casa en El Origen,"ventaMN 3,590,000",102Â²,150Â²,3,,,3,,"el Origen,  Tlajomulco de ZÃºÃ±iga, Jalisco"
https://www.vivanuncios.com.mx/a-venta-casa/tlajomulco-de-zuniga/casa-en-el-origen/145348079,Casa en El Origen,"ventaMN 3,590,000",102Â²,150Â²,3,,,3,,"el Origen,  Tlajomulco de ZÃºÃ±iga, Jalisco"
