url,titulo,precio,direccion,m2_lote,m2_construccion,banos,medio_banos,estacionamientos,recamaras,antiguedad
https://www.vivanuncios.com.mx/a-venta-casa/coyula/casa-en-venta-paseos-de-santiago-tonala-jalisco/146818697,"Casa en Venta, Paseos de Santiago Tonala, Jalisco","ventaMN 2,552,000","Av Camino Mozarabe #1443,  Coyula, Tonalá",167²,113²,2,,3,2,15
https://www.vivanuncios.com.mx/a-venta-casa/tonala-centro/casa-en-venta-tonala-centro-tonala-jalisco/144840325,"Casa en Venta Tonalá Centro, Tonalá Jalisco","ventaMN 5,500,000","5 de Mayo 16,  Tonalá Centro, Tonalá",318²,330²,,,1,6,40
https://www.vivanuncios.com.mx/a-venta-casa/rancho-la-cruz/casa-venta-rancho-la-cruz-tonala/141813602,Casa Venta Rancho La Cruz Tonala,"ventaMN 4,850,000","Prado del fresno 1156,  Rancho La Cruz, Tonalá",228²,396²,3,,2,3,15
https://www.vivanuncios.com.mx/a-venta-casa/tonala-centro/casa-venta-tonala-centro/146075586,"Casa Venta, Tonala Centro.","ventaMN 9,800,000","Privada Juarez 69,  Tonalá Centro, Tonalá",530²,260²,2,,7,3,35
https://www.vivanuncios.com.mx/a-venta-casa/fraccionamiento-praderas-de-tonallan/casa-venta-praderas-de-tonallan-tonala/145902008,"Casa Venta, Praderas de Tonallan, Tonalá.","ventaMN 4,642,000","El Campo 2657,  Fraccionamiento Praderas de Tonallan, Tonalá",272²,245²,2,1,2,3,3
https://www.vivanuncios.com.mx/a-venta-casa/jalisco/casa-en-venta-en-colonia-jalisco/147072641,Casa en Venta en Colonia Jalisco,"ventaMN 5,090,000","Totatiche  351, Jalisco IV Secc, 45412 Tonalá, Jal.,  Jalisco, Tonalá",479²,399²,5,,,6,30
https://www.vivanuncios.com.mx/a-venta-casa/coyula/casa-en-obra-blanca-lista-para-recibir-acabados/145632310,Casa en Obra Blanca Lista Para Recibir Acabados,"ventaMN 990,000","CAMINO AL MULATO NUMERO ,  Coyula, Tonalá",142²,2060²,2,,2,4,
https://www.vivanuncios.com.mx/a-venta-casa/los-camichines/casa-en-coto-privado-en-camichines-ii-abajo-de-la-central-nueva-al-limite-con-tlaquepaque/146427142,"Casa en Coto Privado en Camichines II, Abajo de La Central Nueva Al Limite con Tlaquepaque","ventaMN 2,099,000","Valle Rio San Lorenzo 78,  Los Camichines, Tonalá",60²,120²,1,1,1,3,30
https://www.vivanuncios.com.mx/a-venta-casa/pedregal/casa-nueva-en-venta-dentro-de-coto-en-vistas-del-rey-tonala-jal/145661153,"Casa Nueva en Venta Dentro de Coto en Vistas del Rey, tonala Jal.","ventaMN 2,250,000","FRACC.VISTAS DEL REY,  Pedregal, Tonalá",90²,120²,2,1,2,3,
https://www.vivanuncios.com.mx/a-venta-casa/tonaltecas/propiedad-en-venta-en-tonala-ideal-para-inversion/147078227,Propiedad en Venta en Tonalá – Ideal Para Inversión,"ventaMN 4,500,000","Avenida Tonaltecas,  Tonaltecas, Tonalá",70²,210²,2,4,,4,20
https://www.vivanuncios.com.mx/a-venta-casa/el-mirador/casa-venta-mirador-del-sur-tonala/146391846,"Casa Venta, Mirador del Sur, Tonalá.","ventaMN 2,290,000","Rafael Gonzalez 453,  El Mirador, Tonalá",120²,120²,1,,2,3,8
https://www.vivanuncios.com.mx/a-venta-casa/bosques-de-tonala/venta-casa-bosques-de-tonala-tonala/145829067,"Venta Casa, Bosques de Tonalá, Tonalá.","ventaMN 1,800,000","Andador Laurel 235,  Bosques de Tonala, Tonalá",120²,182²,1,,1,4,22
https://www.vivanuncios.com.mx/a-venta-casa/fraccionamiento-loma-dorada/casa-en-venta-en-loma-dorada-secc-a/145421506,Casa en Venta en Loma Dorada Secc. a,"ventaMN 2,500,000","Casa EN Venta EN Loma Dorada,  Fraccionamiento Loma Dorada , Tonalá",136²,200²,2,1,2,3,20
https://www.vivanuncios.com.mx/a-venta-casa/jalisco/casa-para-remodelar-en-venta-en-colonia-jalisco-tonala/145725135,"Casa Para Remodelar en Venta en Colonia Jalisco, Tonalá","ventaMN 1,100,000","Tepatitlan 173,  Jalisco, Tonalá",130²,110²,1,,,3,30
https://www.vivanuncios.com.mx/a-venta-casa/coyula/casa-en-venta-en-jardines-de-la-reina-tonala/146777700,"Casa en Venta en Jardines de La Reina, Tonalá","ventaMN 1,200,000","Callejón de la Ladera 43,  Coyula, Tonalá",60²,60²,1,1,1,2,8
https://www.vivanuncios.com.mx/a-venta-casa/rinconada-de-coyula/casa-en-venta-en-rinconada-de-coyula/145624424,Casa en Venta en Rinconada de Coyula,"ventaMN 13,200,000","-,  Rinconada de Coyula, Tonalá",94²,94²,1,1,1,1,13
https://www.vivanuncios.com.mx/a-venta-casa/arroyo/hacienda-real-tonala-casa-en-venta/146983032,Hacienda Real Tonala Casa en Venta,"ventaMN 1,150,000","Calle San Francisco 1004,  Arroyo, Tonalá",71²,57²,2,,1,3,9
https://www.vivanuncios.com.mx/a-venta-casa/loma-dorada-delegacion-a/casa-en-venta-3-recamaras-loma-dorada-tonala/146844118,Casa en Venta 3 Recamaras Loma Dorada Tonala,"ventaMN 2,550,000","parques de las lomas,  Loma Dorada Delegación a, Tonalá",95²,150²,3,1,2,3,
https://www.vivanuncios.com.mx/a-venta-casa/fraccionamiento-urbi-quinta/hermosa-casa-2pl-con-alberca-asadero-y-jardines-urbivilla-urbiquinta-tonala/146558861,"Hermosa Casa 2pl con Alberca, Asadero y Jardines. Urbivilla Urbiquinta Tonala","ventaMN 2,552,000","AV CAMINO DE MOZARABE 1443,  Fraccionamiento Urbi Quinta, Tonalá",167²,113²,2,,3,2,14
https://www.vivanuncios.com.mx/a-venta-casa/fraccionamiento-real-patria/casa-en-venta-en-real-patria/146653398,Casa en Venta en Real Patria,"ventaMN 4,000,000","av patria,  Fraccionamiento Real Patria, Tonalá",148²,105²,2,1,2,3,1
https://www.vivanuncios.com.mx/a-venta-casa/fraccionamiento-20-de-noviembre/venta-casa-colonia-20-noviembre-tonala/146332567,Venta Casa Colonia 20 Noviembre Tonalá,"ventaMN 2,000,000","JUAN ESCUTIA 321,  Fraccionamiento 20 de Noviembre , Tonalá",126²,156²,2,,1,4,32
https://www.vivanuncios.com.mx/a-venta-casa/loma-dorada-delegacion-a/coto-ahuisculco-loma-dorada-casas-2-3-4-recamaras-c-u-con-bano/145596559,"Coto Ahuisculco, Loma Dorada, Casas 2,3,4 Recamaras c/u con Baño!","ventaMN 2,390,000","av rio nilo ,  Loma Dorada Delegación a, Tonalá",80²,140²,3,1,,,
https://www.vivanuncios.com.mx/a-venta-casa/potrero-de-jauja/casa-nueva-3-niveles-6x17-zona-hipodromo-tonala-entre-carretera-zapotlanejo-nuevo-periferico-$3-600/146078633,"Casa Nueva 3 Niveles 6x17, Zona Hipódromo Tonalá Entre Carretera Zapotlanejo Nuevo Periferico $3,600","ventaMN 3,600,000","Alameda 90,  Potrero de Jauja, Tonalá",102²,273²,3,1,2,4,2
https://www.vivanuncios.com.mx/a-venta-casa/loma-dorada-delegacion-a/casa-nueva-en-venta-4-recamaras-loma-dorada-tonala/146844014,Casa Nueva en Venta 4 Recamaras Loma Dorada Tonala,"ventaMN 2,670,000","parque las lomas,  Loma Dorada Delegación a, Tonalá",,140²,3,,2,4,
https://www.vivanuncios.com.mx/a-venta-casa/el-moral/casa-venta-fracc-el-moral-en-tonala/146877193,"Casa Venta, Fracc. El Moral, en Tonala","ventaMN 1,850,000","Caracas poniente 14,  El Moral, Tonalá",1²,80²,2,,2,2,10
https://www.vivanuncios.com.mx/a-venta-casa/fraccionamiento-loma-dorada/se-vende-casa-en-loma-dorada-tonala/144089624,"Se Vende Casa en Loma Dorada, Tonalá","ventaMN 1,645,000","Loma Arenal Norte,  Fraccionamiento Loma Dorada , Tonalá",70²,75²,1,1,1,2,22
https://www.vivanuncios.com.mx/a-venta-casa/hacienda-del-real/hacienda-real-tonala/145614624,Hacienda Real Tonalá,"ventaMN 1,850,000","Arroyo de en Medio ,  Hacienda Del Real, Tonalá",145²,68²,3,,1,3,15
https://www.vivanuncios.com.mx/a-venta-casa/loma-dorada-delegacion-a/casa-en-venta-col-loma-dorada-tonala-jalisco/144416170,"Casa en Venta, Col. Loma Dorada, Tonala, Jalisco.","ventaMN 1,800,000","loma arenal 329,  Loma Dorada Delegación a, Tonalá",70²,87²,1,1,1,2,16
https://www.vivanuncios.com.mx/a-venta-casa/fraccionamiento-pedregal-de-santa-marta/tonala-vistas-del-pedregal-casa-de-descanso-con-alberca/146138023,"Tonalá, Vistas del Pedregal. Casa de Descanso con Alberca","ventaMN 6,480,000","Vistas del Pedregal, Tonalá,  Fraccionamiento Pedregal de Santa Marta, Tonalá",907²,304²,2,,3,2,7
https://www.vivanuncios.com.mx/a-venta-casa/loma-dorada-delegacion-a/casa-en-venta-en-loma-dorada-loma-arandas-199/147099910,Casa en Venta en Loma Dorada - Loma Arandas 199,"ventaMN 2,600,000","Loma Arandas 199,  Loma Dorada Delegación a, Tonalá",109²,122²,1,,2,2,35
https://www.vivanuncios.com.mx/a-venta-casa/hacienda-del-real/casa-nueva-en-venta-dentro-de-coto-en-hacienda-real-tonala/145893616,"Casa Nueva en Venta Dentro de Coto en Hacienda Real, Tonala","ventaMN 2,850,000","Hacienda de la Acacia,  Hacienda Del Real, Tonalá",90²,180²,2,1,2,3,
https://www.vivanuncios.com.mx/a-venta-casa/fraccionamiento-privadas-de-la-reyna/casa-en-venta-en-reyna-de-escocia-colonia-privadas-de-la-reyna-tonala/146921013,"Casa en Venta en Reyna de Escocia, Colonia Privadas de La Reyna, Tonala","ventaMN 3,080,000","Circuito Reyna de Escocia Norte,  Fraccionamiento Privadas de la Reyna, Tonalá",105²,280²,2,2,1,3,20
https://www.vivanuncios.com.mx/a-venta-casa/fraccionamiento-loma-dorada/casa-en-venta-en-loma-dorada-secc-a/145421503,Casa en Venta en Loma Dorada Secc. a,"ventaMN 2,500,000","Casa EN Venta EN Loma Dorada,  Fraccionamiento Loma Dorada , Tonalá",136²,200²,2,1,2,3,20
https://www.vivanuncios.com.mx/a-venta-casa/lomas-del-manantial/casa-en-venta-lomas-de-manantial-tonala/146846806,"Casa en Venta Lomas de Manantial, Tonala","ventaMN 3,200,000","Loma Blanca ,  Lomas Del Manantial, Tonalá",132²,240²,2,,2,3,25
https://www.vivanuncios.com.mx/a-venta-casa/pedregal/casa-en-venta-en-fraccionamiento-vistas-del-rey-tonala-jal/146097864,"Casa en Venta en Fraccionamiento Vistas del Rey, Tonalá Jal.","ventaMN 1,950,000","Fracc. Vistas del Rey,  Pedregal, Tonalá",90²,110²,2,1,2,3,8
https://www.vivanuncios.com.mx/a-venta-casa/santa-paula/casa-en-venta-con-locales-comerciales-en-sta-paula-tonala-jalisco/144985823,"Casa en Venta con Locales Comerciales, en Sta. Paula, Tonalá, Jalisco.","ventaMN 3,290,000","Carretera Libre a Zapotlanejo 122,  Santa Paula, Tonalá",200²,164²,2,1,1,2,16
https://www.vivanuncios.com.mx/a-venta-casa/loma-dorada-ejidal/casas-en-tonala/145657079,Casas en Tonalá,"ventaMN 2,037,000","Circuito Loma Dorada Norte y Circuito Loma Dorada, Loma Dorada, 45402 Tonalá,  Loma Dorada Ejidal, Tonalá",82²,80²,2,1,2,2,
https://www.vivanuncios.com.mx/a-venta-casa/jalisco/casa-en-venta-en-col-jalisco-antes-de-pasar-periferico-tonala/146163928,"Casa en Venta en Col. Jalisco, Antes de Pasar Periferico, Tonala","ventaMN 1,700,000","calle totatiche 2,  Jalisco, Tonalá",140²,132²,2,,,4,25
https://www.vivanuncios.com.mx/a-venta-casa/tonala/casa-en-venta/144565208,Casa en Venta,"ventaMN 600,000","PALMA NORTE 110,  Tonalá, Jalisco",60²,50²,1,,1,2,
https://www.vivanuncios.com.mx/a-venta-casa/fraccionamiento-fuentes-del-nilo/casa-en-venta-en-fuentes-del-nilo-$1-825-000/145165537,"Casa en Venta en Fuentes del Nilo $1’825,000","ventaMN 1,825,000","Calle Fuente Keops 45,  Fraccionamiento Fuentes Del Nilo, Tonalá",82²,71²,1,1,1,2,18
https://www.vivanuncios.com.mx/a-venta-casa/jalisco/venta-de-casa-colonia-jalisco-ii-tonala-jalisco/142645273,"Venta de Casa Colonia Jalisco II Tonalá, Jalisco","ventaMN 3,600,000","Calle Amacueca 58 , Jalisco, Tonalá,  Jalisco, Tonalá",960²,300²,,4,6,2,20
https://www.vivanuncios.com.mx/a-venta-casa/los-camichines/-oportunidad-unica-casa-en-venta-en-camichines-tonala/146848362,"¡Oportunidad Única! Casa en Venta en Camichines, Tonalá","ventaMN 1,500,000","camichines 2, Calle Amaranto 413,  Los Camichines, Tonalá",97²,97²,2,,1,2,25
https://www.vivanuncios.com.mx/a-venta-casa/fraccionamiento-arcos-de-zalatitan/casa-en-venta-en-tonala-jalisco-zalatitan-el-rosario-ii/146753093,"Casa en Venta en Tonala, Jalisco (Zalatitán, El Rosario Ii)","ventaMN 1,550,000","Loma Bonita 235,  Fraccionamiento Arcos de Zalatitan, Tonalá",74²,105²,2,1,,3,10
https://www.vivanuncios.com.mx/a-venta-casa/fraccionamiento-puente-viejo/casa-en-venta-en-puente-viejo-tonala-carretera-libre-a-zapotlanejo/146016588,Casa en Venta en Puente Viejo Tonalá Carretera Libre a Zapotlanejo,"ventaMN 1,249,000","Privada del Llano Norte 128,  Fraccionamiento Puente Viejo, Tonalá",92²,138²,2,2,1,3,12
https://www.vivanuncios.com.mx/a-venta-casa/coyula/casa-en-venta-en-tonala-jalisco-paseos-de-santiago/146706613,"Casa en Venta en Tonala, Jalisco (Paseos de Santiago)","ventaMN 1,490,000","Andoain 1614 L-13,  Coyula, Tonalá",89²,80²,1,1,2,3,7
https://www.vivanuncios.com.mx/a-venta-casa/fraccionamiento-la-providencia/casa-en-venta-col-la-providencia-tonala-jalisco/144177141,"Casa en Venta, Col. La Providencia, Tonala, Jalisco.","ventaMN 1,500,000","santa cruz 549,  Fraccionamiento La Providencia, Tonalá",96²,55²,1,,1,3,
https://www.vivanuncios.com.mx/a-venta-casa/bosques-de-tonala/casa-en-andador-sauz-79-bosques-de-tonala-jalisco-ah/147019892,"Casa en Andador Sauz 79, Bosques de Tonala, Jalisco. (Ah)","ventaMN 3,565,000","Sauz 79,  Bosques de Tonala, Tonalá",120²,227²,2,,1,4,20
https://www.vivanuncios.com.mx/a-venta-casa/pinar-de-las-palomas/casa-en-venta-en-pinar-de-las-palomas-tonala/146011157,"Casa en Venta en Pinar de Las Palomas, Tonalá","ventaMN 1,700,000","Cuervo,  Pinar de las Palomas , Tonalá",150²,150²,2,1,3,3,15
https://www.vivanuncios.com.mx/a-venta-casa/coyula/casa-en-venta-coyula-fraccionamiento-paseos-de-santiago-tonala-jalisco/147074703,Casa en Venta Coyula Fraccionamiento Paseos de Santiago Tonala Jalisco,"ventaMN 698,400","Río Papaloapan 1523,  Coyula, Tonalá",118²,78²,2,,1,3,25
https://www.vivanuncios.com.mx/a-venta-casa/jalisco/casa-de-oportunidad-en-san-esteban-1669-la-huerta-guadalajara-jalisco/147006449,"Casa de Oportunidad en San Esteban 1669, La Huerta, Guadalajara, Jalisco","ventaMN 870,554","La Huerta 1669,  Jalisco, Tonalá",101²,42²,1,,,2,10
https://www.vivanuncios.com.mx/a-venta-casa/rancho-o-rancheria-san-francisco-de-la-soledad/casa-en-venta-en-club-nautico-puente-viejo-jalisco/146462646,"Casa en Venta, en Club Nautico Puente Viejo, Jalisco.","ventaMN 12,000,000","camino del seminario 32,  Rancho o rancheria San Francisco de La Soledad, Tonalá",1750²,450²,4,1,15,4,6
https://www.vivanuncios.com.mx/a-venta-casa/fraccionamiento-urbi-quinta-montecarlo/vendo-casa-en-urbi-quinta-montecarlo-tonala-cerca-plaza-fuente-san-gaspar/144913404,"Vendo Casa en Urbi Quinta Montecarlo, Tonala Cerca Plaza Fuente San Gaspar","ventaMN 579,304","ORIO, URBI QUINTA MONTECARLO, TONALA,  Fraccionamiento Urbi Quinta Montecarlo, Tonalá",120²,100²,2,,1,3,15
https://www.vivanuncios.com.mx/a-venta-casa/jalisco/casa-en-venta-en-colonia-jalisco-i-antes-periferico-tonala/145858564,"Casa en Venta en Colonia Jalisco I, Antes Periferico, Tonalá","ventaMN 1,300,000","totatiche 3,  Jalisco, Tonalá",112²,78²,1,,,2,35
https://www.vivanuncios.com.mx/a-venta-casa/basilio-badillo/casa-en-venta-en-colonia-basilio-badillo/145757574,Casa en Venta en Colonia Basilio Badillo,"ventaMN 1,600,000","Antonio caso 405,  Basilio Badillo, Tonalá",103²,160²,2,1,2,3,22
https://www.vivanuncios.com.mx/a-venta-casa/villas-de-oriente/casa-en-venta-en-villas-de-oriente/145624403,Casa en Venta en Villas de Oriente,"ventaMN 4,200,000","-,  Villas de Oriente, Tonalá",96²,96²,2,1,2,3,
https://www.vivanuncios.com.mx/a-venta-casa/paseo-puente-viejo/casa-en-venta-rio-papaloapan-1523-urbi-quinta-tonala-jal-recuperacion-bancaria/146951509,Casa en Venta Río Papaloapan 1523 Urbi Quinta Tonalá Jal. Recuperacion Bancaria,"ventaMN 698,400","Calle Río Papaloapan 1523,  Paseo Puente Viejo, Tonalá",78²,108²,2,,1,3,20
https://www.vivanuncios.com.mx/a-venta-casa/lomas-de-la-soledad/loma-dorada-tonala-casa-en-venta-en-obra-gris-cerca-de-walmarth-rio-nilo/143101184,Loma Dorada Tonala. Casa en Venta en Obra Gris Cerca de Walmarth Rio Nilo,"ventaMN 2,500,000","AGUA ZAMARIA ,  Lomas de La Soledad, Tonalá",180²,300²,5,1,2,6,
https://www.vivanuncios.com.mx/a-venta-casa/loma-bonita/casa-en-san-sebastian-201-lomas-de-san-miguel-jalisco-ah/147064028,"Casa en San Sebastian 201, Lomas de San Miguel, Jalisco. (Ah)","ventaMN 572,400","San Sebastián 201,  Loma Bonita, Tonalá",90²,90²,1,1,1,2,15
https://www.vivanuncios.com.mx/a-venta-casa/lomas-de-la-soledad/casa-en-venta-en-lomas-de-la-soledad-tonala/145468319,"Casa en Venta en Lomas de La Soledad, Tonala.","ventaMN 2,950,000","Andador Vicente Guerrero 22,  Lomas de La Soledad, Tonalá",106²,163²,2,,1,4,18
https://www.vivanuncios.com.mx/a-venta-casa/coyula/casa-en-venta-en-fraccionamiento-puerta-vieja-tonala/146758142,Casa en Venta en Fraccionamiento Puerta Vieja Tonalá,"ventaMN 1,850,000","puerta de la castilla ,  Coyula, Tonalá",81²,79²,1,1,2,2,7
https://www.vivanuncios.com.mx/a-venta-casa/paseo-puente-viejo/casa-en-venta-en-puente-viejo-tonala/145402998,Casa en Venta en Puente Viejo Tonalá,"ventaMN 630,000","palma sur 117,  Paseo Puente Viejo, Tonalá",60²,60²,1,,1,2,5
https://www.vivanuncios.com.mx/a-venta-casa/fraccionamiento-urbi-quinta-montecarlo/casa-en-venta-en-fraccionamiento-versalles/146634179,Casa en Venta en Fraccionamiento Versalles,"ventaMN 3,280,000","Cerrada Talavera de la Reina 1349,  Fraccionamiento Urbi Quinta Montecarlo, Tonalá",114²,269²,3,1,2,4,5
https://www.vivanuncios.com.mx/a-venta-casa/pueblo-puente-grande/casa-de-campo/145689727,Casa de Campo,"ventaMN 3,300,000","Esperanza no. 30,  Pueblo Puente Grande, Tonalá",582²,256²,1,1,4,3,10
https://www.vivanuncios.com.mx/a-venta-casa/pueblo-puente-grande/en-puente-grande-jalisco-casa-de-campo-en-venta-con-alberca/141612150,En Puente Grande Jalisco Casa de Campo en Venta con Alberca,"ventaMN 8,000,000","PUENTE GRANDE,  Pueblo Puente Grande, Tonalá",3500²,150²,1,,6,3,10
https://www.vivanuncios.com.mx/a-venta-casa/lomas-de-camichin/lomas-del-camichin-vendo-excelente-residencia-a-una-calle-de-av-rio-nilo/143101207,Lomas del Camichin Vendo Excelente Residencia a Una Calle de Av Rio Nilo,"ventaMN 3,400,000","CEDRO ,  Lomas de Camichin , Tonalá",163²,245²,3,,2,,24
https://www.vivanuncios.com.mx/a-venta-casa/pueblo-puente-grande/casa-en-venta-en-puente-grande/142708796,Casa en Venta en Puente Grande,"ventaMN 16,000,000","Parcela 41Z1 P1/1,  Pueblo Puente Grande, Tonalá",6374²,930²,1,1,,3,2024
https://www.vivanuncios.com.mx/a-venta-casa/la-loma/casa-en-venta-en-fraccionamiento-providencia-tonala/146745695,"Casa en Venta en Fraccionamiento Providencia, Tonalá","ventaMN 2,590,000","San Pedro , La Providencia,,  La Loma, Tonalá",140²,126²,2,,1,2,4
https://www.vivanuncios.com.mx/a-venta-casa/pedregal/casa-en-venta-dentro-de-coto-cercana-a-av-tonala/145685376,Casa en Venta Dentro de Coto Cercana a Av Tonalá.,"ventaMN 2,250,000","Vistas del Rey,  Pedregal, Tonalá",90²,120²,2,1,2,3,
https://www.vivanuncios.com.mx/a-venta-casa/loma-dorada-delegacion-a/casa-en-venta-en-loma-dorada-seccion-a-tonala-jalisco/147038442,"Casa en Venta en Loma Dorada Sección A, Tonalá Jalisco","ventaMN 5,040,000","Loma Escondida Norte,  Loma Dorada Delegación a, Tonalá",128²,289²,2,1,1,4,25
https://www.vivanuncios.com.mx/a-venta-casa/pueblito-del-sol/casa-venta-3-habitaciones-140-m-sup2--con-terraza-col-pueblito-del-sol-tonala/145734449,"Casa Venta 3 Habitaciones,140 M²,con Terraza, Col. Pueblito del Sol. Tonala.","ventaMN 2,415,000","MOCTEZUMA 130-403 COLONIA: PUEBLITO DEL SOL. TONALA,  Pueblito Del Sol, Tonalá",140²,90²,1,1,2,3,20
https://www.vivanuncios.com.mx/a-venta-casa/fraccionamiento-loma-dorada/-casa-en-venta-en-tonala-en-loma-dorada-delegacion-c/146026253,"*casa en Venta en Tonala en Loma Dorada, Delegación C*","ventaMN 1,749,000","Loma Joconoxtle 8481,  Fraccionamiento Loma Dorada , Tonalá",70²,70²,1,1,1,2,6
https://www.vivanuncios.com.mx/a-venta-casa/fraccionamiento-urbi-quinta/casa-en-venta-paseos-de-santiago-tonala-jalisco-recuperacion-bancaria/146904581,"Casa en Venta Paseos de Santiago, Tonalá Jalisco Recuperación Bancaria","ventaMN 698,400","Río Papaloapan ,  Fraccionamiento Urbi Quinta, Tonalá",78²,118²,2,,1,3,20
https://www.vivanuncios.com.mx/a-venta-casa/loma-dorada-ejidal/hermosa-casa-en-tonala-centro/143549473,Hermosa Casa en Tonala Centro,"ventaMN 1,980,000","LOMA AHUISCULCO 8383,  Loma Dorada Ejidal, Tonalá",100²,100²,1,1,2,2,8
https://www.vivanuncios.com.mx/a-venta-casa/francisco-villa/-gran-oportunidad-de-inversion-casa-de-290-m-sup2--en-zona-estrategica/146381178,¡Gran Oportunidad de Inversión! Casa de 290 m² en Zona Estratégica!,"ventaMN 2,900,000","Camino a colimilla 727,  Francisco Villa, Tonalá",290²,216²,4,,,5,30
https://www.vivanuncios.com.mx/a-venta-casa/san-gaspar-de-las-flores/casa-en-venta-san-gaspar-tonala/146942102,"Casa en Venta, San Gaspar, Tonala","ventaMN 3,500,000","Calle la Paz 54,  San Gaspar de las Flores, Tonalá",793²,254²,1,1,3,3,34
https://www.vivanuncios.com.mx/a-venta-casa/fraccionamiento-fuentes-del-nilo/-iluminada-casa/145528686,¡Iluminada Casa!,"ventaMN 550,000","FUENTES DEL NILO,  Fraccionamiento Fuentes Del Nilo, Tonalá",110²,60²,1,,1,2,15
https://www.vivanuncios.com.mx/a-venta-casa/fraccionamiento-jardines-de-la-hacienda/venta-de-casa-en-fraccionamiento-jardines-de-la-hacienda-tonala-jalisco/146573366,Venta de Casa en Fraccionamiento Jardines de La Hacienda Tonala Jalisco,"ventaMN 948,800","HDA DE LUS TULIPANES,  Fraccionamiento Jardines de La Hacienda, Tonalá",90²,130²,2,,2,3,10
https://www.vivanuncios.com.mx/a-venta-casa/haciendas-tonala/casa-en-venta-en-hacienda-real-tonala/146539834,"Casa en Venta en Hacienda Real, Tonalá.","ventaMN 1,495,000","Calle Yucatán ( Fraccionamiento Hacienda Real). 42,  Haciendas Tonalá, Tonalá",70²,79²,2,,1,3,12
https://www.vivanuncios.com.mx/a-venta-casa/rancho-o-rancheria-el-vado/casa-en-venta-en-tonala-se-puede-negociar/143772027,Casa en Venta en Tonala (Se Puede Negociar),"ventaMN 5,000,000","Artesanías #,  Rancho o rancheria El Vado, Tonalá",462²,430²,3,2,2,6,8
https://www.vivanuncios.com.mx/a-venta-casa/fraccionamiento-la-providencia/acogedora-casa-en-venta-de-una-planta-en-tonala/145652688,Acogedora Casa en Venta de Una Planta en Tonalá,"ventaMN 1,475,000","San Salvador #,  Fraccionamiento La Providencia, Tonalá",90²,62²,1,,1,4,10
https://www.vivanuncios.com.mx/a-venta-casa/fraccionamiento-la-providencia/casa-en-venta-en-la-providencia/146341478,Casa en Venta en La Providencia,"ventaMN 2,480,000","San Francisco 348,  Fraccionamiento La Providencia, Tonalá",147²,132²,3,,2,4,
https://www.vivanuncios.com.mx/a-venta-casa/unidad-habitacional-rey-xolotl/casa-por-la-central-camionera-nueva/146680777,Casa por La Central Camionera Nueva,"ventaMN 1,950,000","Toltecas  tonala,  Unidad habitacional Rey Xolotl, Tonalá",90²,93²,1,1,2,3,3
https://www.vivanuncios.com.mx/a-venta-casa/lomas-de-la-soledad/venta-de-propiedad-en-tonala-col-infonavit-la-soledad-jal/143099190,"Venta de Propiedad en Tonala, Col. Infonavit La Soledad, Jal.","ventaMN 3,600,000","Coto Santa Rosalía Sur 293,  Lomas de La Soledad, Tonalá",128²,314²,5,,,8,1
https://www.vivanuncios.com.mx/a-venta-casa/jauja/casa-en-venta-tonala-tateposco-cerca-cu-tonala-y-hospital-civil-oriente/145551906,Casa en Venta Tonala Tateposco Cerca Cu Tonala y Hospital Civil Oriente,"ventaMN 1,260,000","LIMON 104,  Jauja, Tonalá",144²,124²,1,,1,3,4
https://www.vivanuncios.com.mx/a-venta-casa/loma-dorada-delegacion-a/casas-nuevas-de-2-y-3-recamaras-en-tonala/146336958,Casas Nuevas de 2 y 3 Recamaras en Tonala,"ventaMN 2,037,000","LOMA DORADA,  Loma Dorada Delegación a, Tonalá",80²,84²,2,,2,2,
https://www.vivanuncios.com.mx/a-venta-casa/pinar-de-las-palomas/bonita-casa-en-venta-zona-coyula-tonala/146027954,Bonita Casa en Venta Zona Coyula Tonala,"ventaMN 1,700,000","Cuervo Col. Pinar de las Palomas,  Pinar de las Palomas , Tonalá",150²,110²,2,1,3,3,15
https://www.vivanuncios.com.mx/a-venta-casa/camichines/venta-casa-camichines/146334763,Venta Casa Camichines,"ventaMN 1,600,000","REAL DE LOS PIRULES ,  Camichines, Tonalá",60²,55²,1,,1,2,27
https://www.vivanuncios.com.mx/a-venta-casa/colinas-de-tonala/casa-remodelada-en-venta-en-colinas-de-tonala/146444631,Casa Remodelada en Venta en Colinas de Tonalá,"ventaMN 1,790,000","COLINA IMPERIAL 987,  Colinas de Tonalá, Tonalá",80²,73²,2,,2,2,3
https://www.vivanuncios.com.mx/a-venta-casa/bosques-de-tonala/bosques-de-tonala-gran-casa-en-obra-gris-con-70-de-avance-3-recamaras/143337436,"Bosques de Tonalá, Gran Casa en Obra Gris con 70% de Avance. 3 Recamaras","ventaMN 2,650,000","VIOLETA 779,  Bosques de Tonala, Tonalá",119²,400²,2,1,3,3,
https://www.vivanuncios.com.mx/a-venta-casa/loma-dorada-ejidal/se-vende-casa-interes-social/144178853,Se Vende Casa Interes Social,"ventaMN 480,000","CALLE LOMA TINGUINDIN PONIENTE NO. 308-B,  Loma Dorada Ejidal, Tonalá",63²,46²,1,,1,2,12
https://www.vivanuncios.com.mx/a-venta-casa/hacienda-del-real/casa-en-venta-en-hacienda-real/146837656,Casa en Venta en Hacienda Real,"ventaMN 1,600,000","HACIENDA DE LOS EUCALIPTOS 21 16,  Hacienda Del Real, Tonalá",68²,63²,3,,1,3,
https://www.vivanuncios.com.mx/a-venta-casa/fraccionamiento-loma-dorada/casa-en-venta-en-fraccionamiento-loma-dorada/146409903,Casa en Venta en Fraccionamiento Loma Dorada,"ventaMN 2,800,000","-,  Fraccionamiento Loma Dorada , Tonalá",105²,105²,4,1,2,4,10
https://www.vivanuncios.com.mx/a-venta-casa/fraccionamiento-pedregal-de-santa-marta/casa-en-santha-martha-tonala/145897086,Casa en Santha Martha Tonala,"ventaMN 676,000","Santa Martha Tonala   Planta Alta Duplex,  Fraccionamiento Pedregal de Santa Marta, Tonalá",,,,,,2,
https://www.vivanuncios.com.mx/a-venta-casa/pueblo-puente-grande/casa-en-villas-de-andalucia-jalisco/147060829,Casa en Villas de Andalucia Jalisco,"ventaMN 700,000","Villas DE Andalucia,  Pueblo Puente Grande, Tonalá",75²,75²,1,,1,2,10
https://www.vivanuncios.com.mx/a-venta-casa/fraccionamiento-pedregal-de-santa-marta/casa-en-santa-marta-tonala/145897090,Casa en Santa Marta Tonala,"ventaMN 1,019,000","Casa Santa Martha Tonala,  Fraccionamiento Pedregal de Santa Marta, Tonalá",,,,,,3,
https://www.vivanuncios.com.mx/a-venta-casa/fraccionamiento-pedregal-de-santa-marta/casa-en-santa-martha-tonala/145897076,Casa en Santa Martha Tonala,"ventaMN 738,000","Santa Martha Tonala   Planta  Baja Duplex,  Fraccionamiento Pedregal de Santa Marta, Tonalá",,,,,,2,
https://www.vivanuncios.com.mx/a-venta-casa/fraccionamiento-rinconada/casa-en-venta/143840265,Casa en Venta,"ventaMN 2,050,000","Casa EN Venta EN Fracc. Rinconada DEL Huerto, Tonalá, Jalisco,  Fraccionamiento Rinconada, Tonalá",62²,62²,1,1,1,3,10
https://www.vivanuncios.com.mx/a-venta-casa/rancho-la-cruz/casa-7-x-16-m/146407657,Casa 7 X 16 m,"ventaMN 1,370,000","Rancho de La Cruz,  Rancho La Cruz, Tonalá",112²,84²,2,,2,3,16
https://www.vivanuncios.com.mx/a-venta-casa/rancho-la-cruz/casa-duplex-segunda-planta-altus-pinar/146854399,Casa Duplex Segunda Planta Altus Pinar,"ventaMN 861,000","Calle Maple 20a,  Rancho La Cruz, Tonalá",68²,54²,1,,1,2,6
https://www.vivanuncios.com.mx/a-venta-casa/fraccionamiento-san-elias/casa-duplex-en-venta-planta-baja-tonala/144963036,Casa Duplex en Venta Planta Baja Tonala,"ventaMN 1,200,000","Casa Duplex EN Venta EN Tonala Planta Baja,  Fraccionamiento San Elias, Tonalá",98²,90²,1,,2,2,20
https://www.vivanuncios.com.mx/a-venta-casa/bellavista/tonala-jalisco/146562437,"Tonalá, Jalisco.","ventaMN 3,600,000","Calle Paseo de la Cima 537,  Bellavista, Tonalá",,300²,3,1,2,3,1
https://www.vivanuncios.com.mx/a-venta-casa/fraccionamiento-pedregal-de-santa-marta/casa-en-venta-en-vistas-del-pedregal/147014385,Casa en Venta en Vistas del Pedregal,"ventaMN 1,080,000","SN Paseo de la Cascana,  Fraccionamiento Pedregal de Santa Marta, Tonalá",80²,53²,1,,1,3,
https://www.vivanuncios.com.mx/a-venta-casa/el-moral/venta-de-casa-en-el-moral-reserva/147014105,Venta de Casa en El Moral Reserva,"ventaMN 2,200,000","20 Tegucigalpa,  El Moral, Tonalá",90²,91²,3,,2,3,
https://www.vivanuncios.com.mx/a-venta-casa/lomas-de-camichin/gran-casa-en-excelente-ubicacion-llamanos-y-hazl/146363102,Gran Casa en Excelente Ubicación. ¡Llámanos y Hazl,"ventaMN 2,890,000","Calle Limón Sur 129,  Lomas de Camichin , Tonalá",214²,249²,2,,1,4,20
https://www.vivanuncios.com.mx/a-venta-casa/tonala/casa-duplex-en-venta-en-barrio-brunido-tonala--planta-alta/144963035,"Casa Dúplex en Venta en Barrio Bruñido, Tonalá; Planta Alta","ventaMN 1,300,000","Casa Duplex EN Venta EN Tonala Planta Alta,  Tonalá, Jalisco",111²,100²,1,,1,3,40
https://www.vivanuncios.com.mx/a-venta-casa/fraccionamiento-prados-cruz/casa-a-8-min-de-tonala-cercanos-todos-los-servicios/146360319,"Casa a 8 Min de Tonala, Cercanos Todos Los Servicios","ventaMN 1,100,000","Prado de Las Caobas 1701,  Fraccionamiento Prados Cruz , Tonalá",70²,55²,1,,1,2,22
https://www.vivanuncios.com.mx/a-venta-casa/fraccionamiento-loma-dorada/vive-dentro-de-una-zona-segura-y-excluciva-dentro-de-la-zona-periferica/146824452,Vive Dentro de Una Zona Segura y Excluciva Dentro de La Zona Periferica,"ventaMN 2,499,000","Loma Norte  al 300,  Fraccionamiento Loma Dorada , Tonalá",80²,120²,2,1,2,3,
https://www.vivanuncios.com.mx/a-venta-casa/rancho-o-rancheria-el-vado/casa-en-venta-el-vado-tonala-jalisco/143951712,"Casa en Venta El Vado, Tonala, Jalisco","ventaMN 5,200,000","EL Vado, Tonala, Jalisco,  Rancho o rancheria El Vado, Tonalá",462²,431²,3,2,2,7,
https://www.vivanuncios.com.mx/a-venta-casa/pedregal/casa-en-tonala/145897101,Casa en Tonala,"ventaMN 908,000","Casa Santa Martha Tonala,  Pedregal, Tonalá",,,,,,2,
https://www.vivanuncios.com.mx/a-venta-casa/jalisco/casa-en-venta-en-la-colonia-jalisco-cerca-de-san-gerardo-de-mayela/147015022,"Casa en Venta en La Colonia Jalisco, Cerca de San Gerardo de Mayela","ventaMN 1,600,000","138 Tepatitlán,  Jalisco, Tonalá",140²,139²,1,,1,4,
